scene,patch_id,row_start,col_start,x_patch_path,y_patch_path,sugarcane_pixels
scene02,0,0,0,data/processed/scene02/images/patch_0000.npy,data/processed/scene02/masks/patch_0000.npy,13141
scene02,1,0,64,data/processed/scene02/images/patch_0001.npy,data/processed/scene02/masks/patch_0001.npy,11845
scene02,2,0,128,data/processed/scene02/images/patch_0002.npy,data/processed/scene02/masks/patch_0002.npy,8973
scene02,3,0,192,data/processed/scene02/images/patch_0003.npy,data/processed/scene02/masks/patch_0003.npy,5129
scene02,4,0,256,data/processed/scene02/images/patch_0004.npy,data/processed/scene02/masks/patch_0004.npy,1410
scene02,5,0,320,data/processed/scene02/images/patch_0005.npy,data/processed/scene02/masks/patch_0005.npy,0
scene02,6,0,384,data/processed/scene02/images/patch_0006.npy,data/processed/scene02/masks/patch_0006.npy,0
scene02,7,0,448,data/processed/scene02/images/patch_0007.npy,data/processed/scene02/masks/patch_0007.npy,0
scene02,8,0,512,data/processed/scene02/images/patch_0008.npy,data/processed/scene02/masks/patch_0008.npy,78
scene02,9,0,576,data/processed/scene02/images/patch_0009.npy,data/processed/scene02/masks/patch_0009.npy,430
scene02,10,0,640,data/processed/scene02/images/patch_0010.npy,data/processed/scene02/masks/patch_0010.npy,352
scene02,11,0,704,data/processed/scene02/images/patch_0011.npy,data/processed/scene02/masks/patch_0011.npy,0
scene02,12,0,768,data/processed/scene02/images/patch_0012.npy,data/processed/scene02/masks/patch_0012.npy,0
scene02,13,0,832,data/processed/scene02/images/patch_0013.npy,data/processed/scene02/masks/patch_0013.npy,291
scene02,14,0,896,data/processed/scene02/images/patch_0014.npy,data/processed/scene02/masks/patch_0014.npy,1084
scene02,15,0,960,data/processed/scene02/images/patch_0015.npy,data/processed/scene02/masks/patch_0015.npy,878
scene02,16,0,1024,data/processed/scene02/images/patch_0016.npy,data/processed/scene02/masks/patch_0016.npy,654
scene02,17,0,1088,data/processed/scene02/images/patch_0017.npy,data/processed/scene02/masks/patch_0017.npy,1580
scene02,18,0,1152,data/processed/scene02/images/patch_0018.npy,data/processed/scene02/masks/patch_0018.npy,1774
scene02,19,0,1216,data/processed/scene02/images/patch_0019.npy,data/processed/scene02/masks/patch_0019.npy,2200
scene02,20,0,1280,data/processed/scene02/images/patch_0020.npy,data/processed/scene02/masks/patch_0020.npy,1528
scene02,21,0,1344,data/processed/scene02/images/patch_0021.npy,data/processed/scene02/masks/patch_0021.npy,136
scene02,22,0,1408,data/processed/scene02/images/patch_0022.npy,data/processed/scene02/masks/patch_0022.npy,511
scene02,23,0,1472,data/processed/scene02/images/patch_0023.npy,data/processed/scene02/masks/patch_0023.npy,939
scene02,24,0,1536,data/processed/scene02/images/patch_0024.npy,data/processed/scene02/masks/patch_0024.npy,473
scene02,25,0,1600,data/processed/scene02/images/patch_0025.npy,data/processed/scene02/masks/patch_0025.npy,1543
scene02,26,0,1664,data/processed/scene02/images/patch_0026.npy,data/processed/scene02/masks/patch_0026.npy,3749
scene02,27,0,1728,data/processed/scene02/images/patch_0027.npy,data/processed/scene02/masks/patch_0027.npy,4502
scene02,28,0,1792,data/processed/scene02/images/patch_0028.npy,data/processed/scene02/masks/patch_0028.npy,2296
scene02,29,0,1856,data/processed/scene02/images/patch_0029.npy,data/processed/scene02/masks/patch_0029.npy,0
scene02,30,0,1920,data/processed/scene02/images/patch_0030.npy,data/processed/scene02/masks/patch_0030.npy,0
scene02,31,0,1984,data/processed/scene02/images/patch_0031.npy,data/processed/scene02/masks/patch_0031.npy,46
scene02,32,0,2048,data/processed/scene02/images/patch_0032.npy,data/processed/scene02/masks/patch_0032.npy,108
scene02,33,0,2112,data/processed/scene02/images/patch_0033.npy,data/processed/scene02/masks/patch_0033.npy,62
scene02,34,0,2176,data/processed/scene02/images/patch_0034.npy,data/processed/scene02/masks/patch_0034.npy,461
scene02,35,0,2240,data/processed/scene02/images/patch_0035.npy,data/processed/scene02/masks/patch_0035.npy,1459
scene02,36,0,2304,data/processed/scene02/images/patch_0036.npy,data/processed/scene02/masks/patch_0036.npy,2924
scene02,37,0,2368,data/processed/scene02/images/patch_0037.npy,data/processed/scene02/masks/patch_0037.npy,5880
scene02,38,64,0,data/processed/scene02/images/patch_0038.npy,data/processed/scene02/masks/patch_0038.npy,8460
scene02,39,64,64,data/processed/scene02/images/patch_0039.npy,data/processed/scene02/masks/patch_0039.npy,7451
scene02,40,64,128,data/processed/scene02/images/patch_0040.npy,data/processed/scene02/masks/patch_0040.npy,2991
scene02,41,64,192,data/processed/scene02/images/patch_0041.npy,data/processed/scene02/masks/patch_0041.npy,679
scene02,42,64,256,data/processed/scene02/images/patch_0042.npy,data/processed/scene02/masks/patch_0042.npy,294
scene02,43,64,320,data/processed/scene02/images/patch_0043.npy,data/processed/scene02/masks/patch_0043.npy,233
scene02,44,64,384,data/processed/scene02/images/patch_0044.npy,data/processed/scene02/masks/patch_0044.npy,36
scene02,45,64,448,data/processed/scene02/images/patch_0045.npy,data/processed/scene02/masks/patch_0045.npy,0
scene02,46,64,512,data/processed/scene02/images/patch_0046.npy,data/processed/scene02/masks/patch_0046.npy,78
scene02,47,64,576,data/processed/scene02/images/patch_0047.npy,data/processed/scene02/masks/patch_0047.npy,78
scene02,48,64,640,data/processed/scene02/images/patch_0048.npy,data/processed/scene02/masks/patch_0048.npy,0
scene02,49,64,704,data/processed/scene02/images/patch_0049.npy,data/processed/scene02/masks/patch_0049.npy,0
scene02,50,64,768,data/processed/scene02/images/patch_0050.npy,data/processed/scene02/masks/patch_0050.npy,0
scene02,51,64,832,data/processed/scene02/images/patch_0051.npy,data/processed/scene02/masks/patch_0051.npy,0
scene02,52,64,896,data/processed/scene02/images/patch_0052.npy,data/processed/scene02/masks/patch_0052.npy,779
scene02,53,64,960,data/processed/scene02/images/patch_0053.npy,data/processed/scene02/masks/patch_0053.npy,1419
scene02,54,64,1024,data/processed/scene02/images/patch_0054.npy,data/processed/scene02/masks/patch_0054.npy,1801
scene02,55,64,1088,data/processed/scene02/images/patch_0055.npy,data/processed/scene02/masks/patch_0055.npy,1966
scene02,56,64,1152,data/processed/scene02/images/patch_0056.npy,data/processed/scene02/masks/patch_0056.npy,1366
scene02,57,64,1216,data/processed/scene02/images/patch_0057.npy,data/processed/scene02/masks/patch_0057.npy,1265
scene02,58,64,1280,data/processed/scene02/images/patch_0058.npy,data/processed/scene02/masks/patch_0058.npy,727
scene02,59,64,1344,data/processed/scene02/images/patch_0059.npy,data/processed/scene02/masks/patch_0059.npy,109
scene02,60,64,1408,data/processed/scene02/images/patch_0060.npy,data/processed/scene02/masks/patch_0060.npy,86
scene02,61,64,1472,data/processed/scene02/images/patch_0061.npy,data/processed/scene02/masks/patch_0061.npy,0
scene02,62,64,1536,data/processed/scene02/images/patch_0062.npy,data/processed/scene02/masks/patch_0062.npy,0
scene02,63,64,1600,data/processed/scene02/images/patch_0063.npy,data/processed/scene02/masks/patch_0063.npy,815
scene02,64,64,1664,data/processed/scene02/images/patch_0064.npy,data/processed/scene02/masks/patch_0064.npy,2475
scene02,65,64,1728,data/processed/scene02/images/patch_0065.npy,data/processed/scene02/masks/patch_0065.npy,3334
scene02,66,64,1792,data/processed/scene02/images/patch_0066.npy,data/processed/scene02/masks/patch_0066.npy,1674
scene02,67,64,1856,data/processed/scene02/images/patch_0067.npy,data/processed/scene02/masks/patch_0067.npy,0
scene02,68,64,1920,data/processed/scene02/images/patch_0068.npy,data/processed/scene02/masks/patch_0068.npy,208
scene02,69,64,1984,data/processed/scene02/images/patch_0069.npy,data/processed/scene02/masks/patch_0069.npy,1078
scene02,70,64,2048,data/processed/scene02/images/patch_0070.npy,data/processed/scene02/masks/patch_0070.npy,870
scene02,71,64,2112,data/processed/scene02/images/patch_0071.npy,data/processed/scene02/masks/patch_0071.npy,1020
scene02,72,64,2176,data/processed/scene02/images/patch_0072.npy,data/processed/scene02/masks/patch_0072.npy,3413
scene02,73,64,2240,data/processed/scene02/images/patch_0073.npy,data/processed/scene02/masks/patch_0073.npy,2393
scene02,74,64,2304,data/processed/scene02/images/patch_0074.npy,data/processed/scene02/masks/patch_0074.npy,112
scene02,75,64,2368,data/processed/scene02/images/patch_0075.npy,data/processed/scene02/masks/patch_0075.npy,3045
scene02,76,128,0,data/processed/scene02/images/patch_0076.npy,data/processed/scene02/masks/patch_0076.npy,2176
scene02,77,128,64,data/processed/scene02/images/patch_0077.npy,data/processed/scene02/masks/patch_0077.npy,2573
scene02,78,128,128,data/processed/scene02/images/patch_0078.npy,data/processed/scene02/masks/patch_0078.npy,982
scene02,79,128,192,data/processed/scene02/images/patch_0079.npy,data/processed/scene02/masks/patch_0079.npy,150
scene02,80,128,256,data/processed/scene02/images/patch_0080.npy,data/processed/scene02/masks/patch_0080.npy,239
scene02,81,128,320,data/processed/scene02/images/patch_0081.npy,data/processed/scene02/masks/patch_0081.npy,2087
scene02,82,128,384,data/processed/scene02/images/patch_0082.npy,data/processed/scene02/masks/patch_0082.npy,2170
scene02,83,128,448,data/processed/scene02/images/patch_0083.npy,data/processed/scene02/masks/patch_0083.npy,560
scene02,84,128,512,data/processed/scene02/images/patch_0084.npy,data/processed/scene02/masks/patch_0084.npy,280
scene02,85,128,576,data/processed/scene02/images/patch_0085.npy,data/processed/scene02/masks/patch_0085.npy,0
scene02,86,128,640,data/processed/scene02/images/patch_0086.npy,data/processed/scene02/masks/patch_0086.npy,0
scene02,87,128,704,data/processed/scene02/images/patch_0087.npy,data/processed/scene02/masks/patch_0087.npy,0
scene02,88,128,768,data/processed/scene02/images/patch_0088.npy,data/processed/scene02/masks/patch_0088.npy,0
scene02,89,128,832,data/processed/scene02/images/patch_0089.npy,data/processed/scene02/masks/patch_0089.npy,0
scene02,90,128,896,data/processed/scene02/images/patch_0090.npy,data/processed/scene02/masks/patch_0090.npy,452
scene02,91,128,960,data/processed/scene02/images/patch_0091.npy,data/processed/scene02/masks/patch_0091.npy,2821
scene02,92,128,1024,data/processed/scene02/images/patch_0092.npy,data/processed/scene02/masks/patch_0092.npy,4579
scene02,93,128,1088,data/processed/scene02/images/patch_0093.npy,data/processed/scene02/masks/patch_0093.npy,3549
scene02,94,128,1152,data/processed/scene02/images/patch_0094.npy,data/processed/scene02/masks/patch_0094.npy,1586
scene02,95,128,1216,data/processed/scene02/images/patch_0095.npy,data/processed/scene02/masks/patch_0095.npy,516
scene02,96,128,1280,data/processed/scene02/images/patch_0096.npy,data/processed/scene02/masks/patch_0096.npy,278
scene02,97,128,1344,data/processed/scene02/images/patch_0097.npy,data/processed/scene02/masks/patch_0097.npy,95
scene02,98,128,1408,data/processed/scene02/images/patch_0098.npy,data/processed/scene02/masks/patch_0098.npy,136
scene02,99,128,1472,data/processed/scene02/images/patch_0099.npy,data/processed/scene02/masks/patch_0099.npy,50
scene02,100,128,1536,data/processed/scene02/images/patch_0100.npy,data/processed/scene02/masks/patch_0100.npy,0
scene02,101,128,1600,data/processed/scene02/images/patch_0101.npy,data/processed/scene02/masks/patch_0101.npy,0
scene02,102,128,1664,data/processed/scene02/images/patch_0102.npy,data/processed/scene02/masks/patch_0102.npy,6
scene02,103,128,1728,data/processed/scene02/images/patch_0103.npy,data/processed/scene02/masks/patch_0103.npy,6
scene02,104,128,1792,data/processed/scene02/images/patch_0104.npy,data/processed/scene02/masks/patch_0104.npy,57
scene02,105,128,1856,data/processed/scene02/images/patch_0105.npy,data/processed/scene02/masks/patch_0105.npy,66
scene02,106,128,1920,data/processed/scene02/images/patch_0106.npy,data/processed/scene02/masks/patch_0106.npy,510
scene02,107,128,1984,data/processed/scene02/images/patch_0107.npy,data/processed/scene02/masks/patch_0107.npy,1367
scene02,108,128,2048,data/processed/scene02/images/patch_0108.npy,data/processed/scene02/masks/patch_0108.npy,1147
scene02,109,128,2112,data/processed/scene02/images/patch_0109.npy,data/processed/scene02/masks/patch_0109.npy,3939
scene02,110,128,2176,data/processed/scene02/images/patch_0110.npy,data/processed/scene02/masks/patch_0110.npy,9800
scene02,111,128,2240,data/processed/scene02/images/patch_0111.npy,data/processed/scene02/masks/patch_0111.npy,8015
scene02,112,128,2304,data/processed/scene02/images/patch_0112.npy,data/processed/scene02/masks/patch_0112.npy,2202
scene02,113,128,2368,data/processed/scene02/images/patch_0113.npy,data/processed/scene02/masks/patch_0113.npy,1402
scene02,114,192,0,data/processed/scene02/images/patch_0114.npy,data/processed/scene02/masks/patch_0114.npy,917
scene02,115,192,64,data/processed/scene02/images/patch_0115.npy,data/processed/scene02/masks/patch_0115.npy,168
scene02,116,192,128,data/processed/scene02/images/patch_0116.npy,data/processed/scene02/masks/patch_0116.npy,144
scene02,117,192,192,data/processed/scene02/images/patch_0117.npy,data/processed/scene02/masks/patch_0117.npy,99
scene02,118,192,256,data/processed/scene02/images/patch_0118.npy,data/processed/scene02/masks/patch_0118.npy,473
scene02,119,192,320,data/processed/scene02/images/patch_0119.npy,data/processed/scene02/masks/patch_0119.npy,3465
scene02,120,192,384,data/processed/scene02/images/patch_0120.npy,data/processed/scene02/masks/patch_0120.npy,4074
scene02,121,192,448,data/processed/scene02/images/patch_0121.npy,data/processed/scene02/masks/patch_0121.npy,1555
scene02,122,192,512,data/processed/scene02/images/patch_0122.npy,data/processed/scene02/masks/patch_0122.npy,473
scene02,123,192,576,data/processed/scene02/images/patch_0123.npy,data/processed/scene02/masks/patch_0123.npy,0
scene02,124,192,640,data/processed/scene02/images/patch_0124.npy,data/processed/scene02/masks/patch_0124.npy,0
scene02,125,192,704,data/processed/scene02/images/patch_0125.npy,data/processed/scene02/masks/patch_0125.npy,0
scene02,126,192,768,data/processed/scene02/images/patch_0126.npy,data/processed/scene02/masks/patch_0126.npy,0
scene02,127,192,832,data/processed/scene02/images/patch_0127.npy,data/processed/scene02/masks/patch_0127.npy,0
scene02,128,192,896,data/processed/scene02/images/patch_0128.npy,data/processed/scene02/masks/patch_0128.npy,416
scene02,129,192,960,data/processed/scene02/images/patch_0129.npy,data/processed/scene02/masks/patch_0129.npy,2331
scene02,130,192,1024,data/processed/scene02/images/patch_0130.npy,data/processed/scene02/masks/patch_0130.npy,3295
scene02,131,192,1088,data/processed/scene02/images/patch_0131.npy,data/processed/scene02/masks/patch_0131.npy,1932
scene02,132,192,1152,data/processed/scene02/images/patch_0132.npy,data/processed/scene02/masks/patch_0132.npy,552
scene02,133,192,1216,data/processed/scene02/images/patch_0133.npy,data/processed/scene02/masks/patch_0133.npy,0
scene02,134,192,1280,data/processed/scene02/images/patch_0134.npy,data/processed/scene02/masks/patch_0134.npy,0
scene02,135,192,1344,data/processed/scene02/images/patch_0135.npy,data/processed/scene02/masks/patch_0135.npy,0
scene02,136,192,1408,data/processed/scene02/images/patch_0136.npy,data/processed/scene02/masks/patch_0136.npy,50
scene02,137,192,1472,data/processed/scene02/images/patch_0137.npy,data/processed/scene02/masks/patch_0137.npy,50
scene02,138,192,1536,data/processed/scene02/images/patch_0138.npy,data/processed/scene02/masks/patch_0138.npy,0
scene02,139,192,1600,data/processed/scene02/images/patch_0139.npy,data/processed/scene02/masks/patch_0139.npy,152
scene02,140,192,1664,data/processed/scene02/images/patch_0140.npy,data/processed/scene02/masks/patch_0140.npy,268
scene02,141,192,1728,data/processed/scene02/images/patch_0141.npy,data/processed/scene02/masks/patch_0141.npy,116
scene02,142,192,1792,data/processed/scene02/images/patch_0142.npy,data/processed/scene02/masks/patch_0142.npy,57
scene02,143,192,1856,data/processed/scene02/images/patch_0143.npy,data/processed/scene02/masks/patch_0143.npy,66
scene02,144,192,1920,data/processed/scene02/images/patch_0144.npy,data/processed/scene02/masks/patch_0144.npy,302
scene02,145,192,1984,data/processed/scene02/images/patch_0145.npy,data/processed/scene02/masks/patch_0145.npy,429
scene02,146,192,2048,data/processed/scene02/images/patch_0146.npy,data/processed/scene02/masks/patch_0146.npy,528
scene02,147,192,2112,data/processed/scene02/images/patch_0147.npy,data/processed/scene02/masks/patch_0147.npy,3990
scene02,148,192,2176,data/processed/scene02/images/patch_0148.npy,data/processed/scene02/masks/patch_0148.npy,10325
scene02,149,192,2240,data/processed/scene02/images/patch_0149.npy,data/processed/scene02/masks/patch_0149.npy,10527
scene02,150,192,2304,data/processed/scene02/images/patch_0150.npy,data/processed/scene02/masks/patch_0150.npy,4129
scene02,151,192,2368,data/processed/scene02/images/patch_0151.npy,data/processed/scene02/masks/patch_0151.npy,477
scene02,152,256,0,data/processed/scene02/images/patch_0152.npy,data/processed/scene02/masks/patch_0152.npy,794
scene02,153,256,64,data/processed/scene02/images/patch_0153.npy,data/processed/scene02/masks/patch_0153.npy,0
scene02,154,256,128,data/processed/scene02/images/patch_0154.npy,data/processed/scene02/masks/patch_0154.npy,174
scene02,155,256,192,data/processed/scene02/images/patch_0155.npy,data/processed/scene02/masks/patch_0155.npy,1155
scene02,156,256,256,data/processed/scene02/images/patch_0156.npy,data/processed/scene02/masks/patch_0156.npy,3980
scene02,157,256,320,data/processed/scene02/images/patch_0157.npy,data/processed/scene02/masks/patch_0157.npy,6953
scene02,158,256,384,data/processed/scene02/images/patch_0158.npy,data/processed/scene02/masks/patch_0158.npy,5749
scene02,159,256,448,data/processed/scene02/images/patch_0159.npy,data/processed/scene02/masks/patch_0159.npy,2024
scene02,160,256,512,data/processed/scene02/images/patch_0160.npy,data/processed/scene02/masks/patch_0160.npy,229
scene02,161,256,576,data/processed/scene02/images/patch_0161.npy,data/processed/scene02/masks/patch_0161.npy,0
scene02,162,256,640,data/processed/scene02/images/patch_0162.npy,data/processed/scene02/masks/patch_0162.npy,0
scene02,163,256,704,data/processed/scene02/images/patch_0163.npy,data/processed/scene02/masks/patch_0163.npy,0
scene02,164,256,768,data/processed/scene02/images/patch_0164.npy,data/processed/scene02/masks/patch_0164.npy,98
scene02,165,256,832,data/processed/scene02/images/patch_0165.npy,data/processed/scene02/masks/patch_0165.npy,98
scene02,166,256,896,data/processed/scene02/images/patch_0166.npy,data/processed/scene02/masks/patch_0166.npy,0
scene02,167,256,960,data/processed/scene02/images/patch_0167.npy,data/processed/scene02/masks/patch_0167.npy,101
scene02,168,256,1024,data/processed/scene02/images/patch_0168.npy,data/processed/scene02/masks/patch_0168.npy,291
scene02,169,256,1088,data/processed/scene02/images/patch_0169.npy,data/processed/scene02/masks/patch_0169.npy,190
scene02,170,256,1152,data/processed/scene02/images/patch_0170.npy,data/processed/scene02/masks/patch_0170.npy,0
scene02,171,256,1216,data/processed/scene02/images/patch_0171.npy,data/processed/scene02/masks/patch_0171.npy,0
scene02,172,256,1280,data/processed/scene02/images/patch_0172.npy,data/processed/scene02/masks/patch_0172.npy,0
scene02,173,256,1344,data/processed/scene02/images/patch_0173.npy,data/processed/scene02/masks/patch_0173.npy,0
scene02,174,256,1408,data/processed/scene02/images/patch_0174.npy,data/processed/scene02/masks/patch_0174.npy,0
scene02,175,256,1472,data/processed/scene02/images/patch_0175.npy,data/processed/scene02/masks/patch_0175.npy,0
scene02,176,256,1536,data/processed/scene02/images/patch_0176.npy,data/processed/scene02/masks/patch_0176.npy,0
scene02,177,256,1600,data/processed/scene02/images/patch_0177.npy,data/processed/scene02/masks/patch_0177.npy,159
scene02,178,256,1664,data/processed/scene02/images/patch_0178.npy,data/processed/scene02/masks/patch_0178.npy,269
scene02,179,256,1728,data/processed/scene02/images/patch_0179.npy,data/processed/scene02/masks/patch_0179.npy,110
scene02,180,256,1792,data/processed/scene02/images/patch_0180.npy,data/processed/scene02/masks/patch_0180.npy,0
scene02,181,256,1856,data/processed/scene02/images/patch_0181.npy,data/processed/scene02/masks/patch_0181.npy,0
scene02,182,256,1920,data/processed/scene02/images/patch_0182.npy,data/processed/scene02/masks/patch_0182.npy,0
scene02,183,256,1984,data/processed/scene02/images/patch_0183.npy,data/processed/scene02/masks/patch_0183.npy,233
scene02,184,256,2048,data/processed/scene02/images/patch_0184.npy,data/processed/scene02/masks/patch_0184.npy,581
scene02,185,256,2112,data/processed/scene02/images/patch_0185.npy,data/processed/scene02/masks/patch_0185.npy,2682
scene02,186,256,2176,data/processed/scene02/images/patch_0186.npy,data/processed/scene02/masks/patch_0186.npy,7312
scene02,187,256,2240,data/processed/scene02/images/patch_0187.npy,data/processed/scene02/masks/patch_0187.npy,7451
scene02,188,256,2304,data/processed/scene02/images/patch_0188.npy,data/processed/scene02/masks/patch_0188.npy,2718
scene02,189,256,2368,data/processed/scene02/images/patch_0189.npy,data/processed/scene02/masks/patch_0189.npy,245
scene02,190,320,0,data/processed/scene02/images/patch_0190.npy,data/processed/scene02/masks/patch_0190.npy,559
scene02,191,320,64,data/processed/scene02/images/patch_0191.npy,data/processed/scene02/masks/patch_0191.npy,947
scene02,192,320,128,data/processed/scene02/images/patch_0192.npy,data/processed/scene02/masks/patch_0192.npy,1702
scene02,193,320,192,data/processed/scene02/images/patch_0193.npy,data/processed/scene02/masks/patch_0193.npy,3005
scene02,194,320,256,data/processed/scene02/images/patch_0194.npy,data/processed/scene02/masks/patch_0194.npy,7356
scene02,195,320,320,data/processed/scene02/images/patch_0195.npy,data/processed/scene02/masks/patch_0195.npy,10272
scene02,196,320,384,data/processed/scene02/images/patch_0196.npy,data/processed/scene02/masks/patch_0196.npy,5673
scene02,197,320,448,data/processed/scene02/images/patch_0197.npy,data/processed/scene02/masks/patch_0197.npy,1335
scene02,198,320,512,data/processed/scene02/images/patch_0198.npy,data/processed/scene02/masks/patch_0198.npy,276
scene02,199,320,576,data/processed/scene02/images/patch_0199.npy,data/processed/scene02/masks/patch_0199.npy,0
scene02,200,320,640,data/processed/scene02/images/patch_0200.npy,data/processed/scene02/masks/patch_0200.npy,0
scene02,201,320,704,data/processed/scene02/images/patch_0201.npy,data/processed/scene02/masks/patch_0201.npy,0
scene02,202,320,768,data/processed/scene02/images/patch_0202.npy,data/processed/scene02/masks/patch_0202.npy,98
scene02,203,320,832,data/processed/scene02/images/patch_0203.npy,data/processed/scene02/masks/patch_0203.npy,1755
scene02,204,320,896,data/processed/scene02/images/patch_0204.npy,data/processed/scene02/masks/patch_0204.npy,2359
scene02,205,320,960,data/processed/scene02/images/patch_0205.npy,data/processed/scene02/masks/patch_0205.npy,1077
scene02,206,320,1024,data/processed/scene02/images/patch_0206.npy,data/processed/scene02/masks/patch_0206.npy,767
scene02,207,320,1088,data/processed/scene02/images/patch_0207.npy,data/processed/scene02/masks/patch_0207.npy,432
scene02,208,320,1152,data/processed/scene02/images/patch_0208.npy,data/processed/scene02/masks/patch_0208.npy,40
scene02,209,320,1216,data/processed/scene02/images/patch_0209.npy,data/processed/scene02/masks/patch_0209.npy,0
scene02,210,320,1280,data/processed/scene02/images/patch_0210.npy,data/processed/scene02/masks/patch_0210.npy,0
scene02,211,320,1344,data/processed/scene02/images/patch_0211.npy,data/processed/scene02/masks/patch_0211.npy,0
scene02,212,320,1408,data/processed/scene02/images/patch_0212.npy,data/processed/scene02/masks/patch_0212.npy,0
scene02,213,320,1472,data/processed/scene02/images/patch_0213.npy,data/processed/scene02/masks/patch_0213.npy,0
scene02,214,320,1536,data/processed/scene02/images/patch_0214.npy,data/processed/scene02/masks/patch_0214.npy,0
scene02,215,320,1600,data/processed/scene02/images/patch_0215.npy,data/processed/scene02/masks/patch_0215.npy,7
scene02,216,320,1664,data/processed/scene02/images/patch_0216.npy,data/processed/scene02/masks/patch_0216.npy,7
scene02,217,320,1728,data/processed/scene02/images/patch_0217.npy,data/processed/scene02/masks/patch_0217.npy,0
scene02,218,320,1792,data/processed/scene02/images/patch_0218.npy,data/processed/scene02/masks/patch_0218.npy,165
scene02,219,320,1856,data/processed/scene02/images/patch_0219.npy,data/processed/scene02/masks/patch_0219.npy,165
scene02,220,320,1920,data/processed/scene02/images/patch_0220.npy,data/processed/scene02/masks/patch_0220.npy,0
scene02,221,320,1984,data/processed/scene02/images/patch_0221.npy,data/processed/scene02/masks/patch_0221.npy,340
scene02,222,320,2048,data/processed/scene02/images/patch_0222.npy,data/processed/scene02/masks/patch_0222.npy,851
scene02,223,320,2112,data/processed/scene02/images/patch_0223.npy,data/processed/scene02/masks/patch_0223.npy,3002
scene02,224,320,2176,data/processed/scene02/images/patch_0224.npy,data/processed/scene02/masks/patch_0224.npy,4699
scene02,225,320,2240,data/processed/scene02/images/patch_0225.npy,data/processed/scene02/masks/patch_0225.npy,2754
scene02,226,320,2304,data/processed/scene02/images/patch_0226.npy,data/processed/scene02/masks/patch_0226.npy,835
scene02,227,320,2368,data/processed/scene02/images/patch_0227.npy,data/processed/scene02/masks/patch_0227.npy,289
scene02,228,384,0,data/processed/scene02/images/patch_0228.npy,data/processed/scene02/masks/patch_0228.npy,3601
scene02,229,384,64,data/processed/scene02/images/patch_0229.npy,data/processed/scene02/masks/patch_0229.npy,5592
scene02,230,384,128,data/processed/scene02/images/patch_0230.npy,data/processed/scene02/masks/patch_0230.npy,4772
scene02,231,384,192,data/processed/scene02/images/patch_0231.npy,data/processed/scene02/masks/patch_0231.npy,6528
scene02,232,384,256,data/processed/scene02/images/patch_0232.npy,data/processed/scene02/masks/patch_0232.npy,9553
scene02,233,384,320,data/processed/scene02/images/patch_0233.npy,data/processed/scene02/masks/patch_0233.npy,9544
scene02,234,384,384,data/processed/scene02/images/patch_0234.npy,data/processed/scene02/masks/patch_0234.npy,5653
scene02,235,384,448,data/processed/scene02/images/patch_0235.npy,data/processed/scene02/masks/patch_0235.npy,4045
scene02,236,384,512,data/processed/scene02/images/patch_0236.npy,data/processed/scene02/masks/patch_0236.npy,2436
scene02,237,384,576,data/processed/scene02/images/patch_0237.npy,data/processed/scene02/masks/patch_0237.npy,0
scene02,238,384,640,data/processed/scene02/images/patch_0238.npy,data/processed/scene02/masks/patch_0238.npy,0
scene02,239,384,704,data/processed/scene02/images/patch_0239.npy,data/processed/scene02/masks/patch_0239.npy,0
scene02,240,384,768,data/processed/scene02/images/patch_0240.npy,data/processed/scene02/masks/patch_0240.npy,121
scene02,241,384,832,data/processed/scene02/images/patch_0241.npy,data/processed/scene02/masks/patch_0241.npy,2770
scene02,242,384,896,data/processed/scene02/images/patch_0242.npy,data/processed/scene02/masks/patch_0242.npy,4890
scene02,243,384,960,data/processed/scene02/images/patch_0243.npy,data/processed/scene02/masks/patch_0243.npy,5099
scene02,244,384,1024,data/processed/scene02/images/patch_0244.npy,data/processed/scene02/masks/patch_0244.npy,5162
scene02,245,384,1088,data/processed/scene02/images/patch_0245.npy,data/processed/scene02/masks/patch_0245.npy,2436
scene02,246,384,1152,data/processed/scene02/images/patch_0246.npy,data/processed/scene02/masks/patch_0246.npy,132
scene02,247,384,1216,data/processed/scene02/images/patch_0247.npy,data/processed/scene02/masks/patch_0247.npy,0
scene02,248,384,1280,data/processed/scene02/images/patch_0248.npy,data/processed/scene02/masks/patch_0248.npy,0
scene02,249,384,1344,data/processed/scene02/images/patch_0249.npy,data/processed/scene02/masks/patch_0249.npy,0
scene02,250,384,1408,data/processed/scene02/images/patch_0250.npy,data/processed/scene02/masks/patch_0250.npy,0
scene02,251,384,1472,data/processed/scene02/images/patch_0251.npy,data/processed/scene02/masks/patch_0251.npy,0
scene02,252,384,1536,data/processed/scene02/images/patch_0252.npy,data/processed/scene02/masks/patch_0252.npy,0
scene02,253,384,1600,data/processed/scene02/images/patch_0253.npy,data/processed/scene02/masks/patch_0253.npy,0
scene02,254,384,1664,data/processed/scene02/images/patch_0254.npy,data/processed/scene02/masks/patch_0254.npy,0
scene02,255,384,1728,data/processed/scene02/images/patch_0255.npy,data/processed/scene02/masks/patch_0255.npy,0
scene02,256,384,1792,data/processed/scene02/images/patch_0256.npy,data/processed/scene02/masks/patch_0256.npy,165
scene02,257,384,1856,data/processed/scene02/images/patch_0257.npy,data/processed/scene02/masks/patch_0257.npy,165
scene02,258,384,1920,data/processed/scene02/images/patch_0258.npy,data/processed/scene02/masks/patch_0258.npy,0
scene02,259,384,1984,data/processed/scene02/images/patch_0259.npy,data/processed/scene02/masks/patch_0259.npy,201
scene02,260,384,2048,data/processed/scene02/images/patch_0260.npy,data/processed/scene02/masks/patch_0260.npy,475
scene02,261,384,2112,data/processed/scene02/images/patch_0261.npy,data/processed/scene02/masks/patch_0261.npy,1394
scene02,262,384,2176,data/processed/scene02/images/patch_0262.npy,data/processed/scene02/masks/patch_0262.npy,1120
scene02,263,384,2240,data/processed/scene02/images/patch_0263.npy,data/processed/scene02/masks/patch_0263.npy,176
scene02,264,384,2304,data/processed/scene02/images/patch_0264.npy,data/processed/scene02/masks/patch_0264.npy,220
scene02,265,384,2368,data/processed/scene02/images/patch_0265.npy,data/processed/scene02/masks/patch_0265.npy,44
scene02,266,448,0,data/processed/scene02/images/patch_0266.npy,data/processed/scene02/masks/patch_0266.npy,3482
scene02,267,448,64,data/processed/scene02/images/patch_0267.npy,data/processed/scene02/masks/patch_0267.npy,4881
scene02,268,448,128,data/processed/scene02/images/patch_0268.npy,data/processed/scene02/masks/patch_0268.npy,3294
scene02,269,448,192,data/processed/scene02/images/patch_0269.npy,data/processed/scene02/masks/patch_0269.npy,6285
scene02,270,448,256,data/processed/scene02/images/patch_0270.npy,data/processed/scene02/masks/patch_0270.npy,7328
scene02,271,448,320,data/processed/scene02/images/patch_0271.npy,data/processed/scene02/masks/patch_0271.npy,5150
scene02,272,448,384,data/processed/scene02/images/patch_0272.npy,data/processed/scene02/masks/patch_0272.npy,4263
scene02,273,448,448,data/processed/scene02/images/patch_0273.npy,data/processed/scene02/masks/patch_0273.npy,3739
scene02,274,448,512,data/processed/scene02/images/patch_0274.npy,data/processed/scene02/masks/patch_0274.npy,2196
scene02,275,448,576,data/processed/scene02/images/patch_0275.npy,data/processed/scene02/masks/patch_0275.npy,0
scene02,276,448,640,data/processed/scene02/images/patch_0276.npy,data/processed/scene02/masks/patch_0276.npy,0
scene02,277,448,704,data/processed/scene02/images/patch_0277.npy,data/processed/scene02/masks/patch_0277.npy,106
scene02,278,448,768,data/processed/scene02/images/patch_0278.npy,data/processed/scene02/masks/patch_0278.npy,264
scene02,279,448,832,data/processed/scene02/images/patch_0279.npy,data/processed/scene02/masks/patch_0279.npy,1662
scene02,280,448,896,data/processed/scene02/images/patch_0280.npy,data/processed/scene02/masks/patch_0280.npy,4370
scene02,281,448,960,data/processed/scene02/images/patch_0281.npy,data/processed/scene02/masks/patch_0281.npy,7630
scene02,282,448,1024,data/processed/scene02/images/patch_0282.npy,data/processed/scene02/masks/patch_0282.npy,9004
scene02,283,448,1088,data/processed/scene02/images/patch_0283.npy,data/processed/scene02/masks/patch_0283.npy,4333
scene02,284,448,1152,data/processed/scene02/images/patch_0284.npy,data/processed/scene02/masks/patch_0284.npy,93
scene02,285,448,1216,data/processed/scene02/images/patch_0285.npy,data/processed/scene02/masks/patch_0285.npy,0
scene02,286,448,1280,data/processed/scene02/images/patch_0286.npy,data/processed/scene02/masks/patch_0286.npy,0
scene02,287,448,1344,data/processed/scene02/images/patch_0287.npy,data/processed/scene02/masks/patch_0287.npy,0
scene02,288,448,1408,data/processed/scene02/images/patch_0288.npy,data/processed/scene02/masks/patch_0288.npy,0
scene02,289,448,1472,data/processed/scene02/images/patch_0289.npy,data/processed/scene02/masks/patch_0289.npy,0
scene02,290,448,1536,data/processed/scene02/images/patch_0290.npy,data/processed/scene02/masks/patch_0290.npy,0
scene02,291,448,1600,data/processed/scene02/images/patch_0291.npy,data/processed/scene02/masks/patch_0291.npy,0
scene02,292,448,1664,data/processed/scene02/images/patch_0292.npy,data/processed/scene02/masks/patch_0292.npy,0
scene02,293,448,1728,data/processed/scene02/images/patch_0293.npy,data/processed/scene02/masks/patch_0293.npy,0
scene02,294,448,1792,data/processed/scene02/images/patch_0294.npy,data/processed/scene02/masks/patch_0294.npy,0
scene02,295,448,1856,data/processed/scene02/images/patch_0295.npy,data/processed/scene02/masks/patch_0295.npy,0
scene02,296,448,1920,data/processed/scene02/images/patch_0296.npy,data/processed/scene02/masks/patch_0296.npy,0
scene02,297,448,1984,data/processed/scene02/images/patch_0297.npy,data/processed/scene02/masks/patch_0297.npy,0
scene02,298,448,2048,data/processed/scene02/images/patch_0298.npy,data/processed/scene02/masks/patch_0298.npy,0
scene02,299,448,2112,data/processed/scene02/images/patch_0299.npy,data/processed/scene02/masks/patch_0299.npy,3
scene02,300,448,2176,data/processed/scene02/images/patch_0300.npy,data/processed/scene02/masks/patch_0300.npy,3
scene02,301,448,2240,data/processed/scene02/images/patch_0301.npy,data/processed/scene02/masks/patch_0301.npy,176
scene02,302,448,2304,data/processed/scene02/images/patch_0302.npy,data/processed/scene02/masks/patch_0302.npy,176
scene02,303,448,2368,data/processed/scene02/images/patch_0303.npy,data/processed/scene02/masks/patch_0303.npy,0
scene02,304,512,0,data/processed/scene02/images/patch_0304.npy,data/processed/scene02/masks/patch_0304.npy,1812
scene02,305,512,64,data/processed/scene02/images/patch_0305.npy,data/processed/scene02/masks/patch_0305.npy,929
scene02,306,512,128,data/processed/scene02/images/patch_0306.npy,data/processed/scene02/masks/patch_0306.npy,191
scene02,307,512,192,data/processed/scene02/images/patch_0307.npy,data/processed/scene02/masks/patch_0307.npy,1881
scene02,308,512,256,data/processed/scene02/images/patch_0308.npy,data/processed/scene02/masks/patch_0308.npy,1757
scene02,309,512,320,data/processed/scene02/images/patch_0309.npy,data/processed/scene02/masks/patch_0309.npy,536
scene02,310,512,384,data/processed/scene02/images/patch_0310.npy,data/processed/scene02/masks/patch_0310.npy,474
scene02,311,512,448,data/processed/scene02/images/patch_0311.npy,data/processed/scene02/masks/patch_0311.npy,0
scene02,312,512,512,data/processed/scene02/images/patch_0312.npy,data/processed/scene02/masks/patch_0312.npy,0
scene02,313,512,576,data/processed/scene02/images/patch_0313.npy,data/processed/scene02/masks/patch_0313.npy,125
scene02,314,512,640,data/processed/scene02/images/patch_0314.npy,data/processed/scene02/masks/patch_0314.npy,125
scene02,315,512,704,data/processed/scene02/images/patch_0315.npy,data/processed/scene02/masks/patch_0315.npy,106
scene02,316,512,768,data/processed/scene02/images/patch_0316.npy,data/processed/scene02/masks/patch_0316.npy,143
scene02,317,512,832,data/processed/scene02/images/patch_0317.npy,data/processed/scene02/masks/patch_0317.npy,578
scene02,318,512,896,data/processed/scene02/images/patch_0318.npy,data/processed/scene02/masks/patch_0318.npy,2291
scene02,319,512,960,data/processed/scene02/images/patch_0319.npy,data/processed/scene02/masks/patch_0319.npy,5351
scene02,320,512,1024,data/processed/scene02/images/patch_0320.npy,data/processed/scene02/masks/patch_0320.npy,7560
scene02,321,512,1088,data/processed/scene02/images/patch_0321.npy,data/processed/scene02/masks/patch_0321.npy,3960
scene02,322,512,1152,data/processed/scene02/images/patch_0322.npy,data/processed/scene02/masks/patch_0322.npy,1
scene02,323,512,1216,data/processed/scene02/images/patch_0323.npy,data/processed/scene02/masks/patch_0323.npy,0
scene02,324,512,1280,data/processed/scene02/images/patch_0324.npy,data/processed/scene02/masks/patch_0324.npy,0
scene02,325,512,1344,data/processed/scene02/images/patch_0325.npy,data/processed/scene02/masks/patch_0325.npy,0
scene02,326,512,1408,data/processed/scene02/images/patch_0326.npy,data/processed/scene02/masks/patch_0326.npy,0
scene02,327,512,1472,data/processed/scene02/images/patch_0327.npy,data/processed/scene02/masks/patch_0327.npy,0
scene02,328,512,1536,data/processed/scene02/images/patch_0328.npy,data/processed/scene02/masks/patch_0328.npy,0
scene02,329,512,1600,data/processed/scene02/images/patch_0329.npy,data/processed/scene02/masks/patch_0329.npy,0
scene02,330,512,1664,data/processed/scene02/images/patch_0330.npy,data/processed/scene02/masks/patch_0330.npy,0
scene02,331,512,1728,data/processed/scene02/images/patch_0331.npy,data/processed/scene02/masks/patch_0331.npy,0
scene02,332,512,1792,data/processed/scene02/images/patch_0332.npy,data/processed/scene02/masks/patch_0332.npy,0
scene02,333,512,1856,data/processed/scene02/images/patch_0333.npy,data/processed/scene02/masks/patch_0333.npy,0
scene02,334,512,1920,data/processed/scene02/images/patch_0334.npy,data/processed/scene02/masks/patch_0334.npy,0
scene02,335,512,1984,data/processed/scene02/images/patch_0335.npy,data/processed/scene02/masks/patch_0335.npy,0
scene02,336,512,2048,data/processed/scene02/images/patch_0336.npy,data/processed/scene02/masks/patch_0336.npy,0
scene02,337,512,2112,data/processed/scene02/images/patch_0337.npy,data/processed/scene02/masks/patch_0337.npy,0
scene02,338,512,2176,data/processed/scene02/images/patch_0338.npy,data/processed/scene02/masks/patch_0338.npy,0
scene02,339,512,2240,data/processed/scene02/images/patch_0339.npy,data/processed/scene02/masks/patch_0339.npy,0
scene02,340,512,2304,data/processed/scene02/images/patch_0340.npy,data/processed/scene02/masks/patch_0340.npy,90
scene02,341,512,2368,data/processed/scene02/images/patch_0341.npy,data/processed/scene02/masks/patch_0341.npy,90
scene02,342,576,0,data/processed/scene02/images/patch_0342.npy,data/processed/scene02/masks/patch_0342.npy,1372
scene02,343,576,64,data/processed/scene02/images/patch_0343.npy,data/processed/scene02/masks/patch_0343.npy,850
scene02,344,576,128,data/processed/scene02/images/patch_0344.npy,data/processed/scene02/masks/patch_0344.npy,523
scene02,345,576,192,data/processed/scene02/images/patch_0345.npy,data/processed/scene02/masks/patch_0345.npy,860
scene02,346,576,256,data/processed/scene02/images/patch_0346.npy,data/processed/scene02/masks/patch_0346.npy,494
scene02,347,576,320,data/processed/scene02/images/patch_0347.npy,data/processed/scene02/masks/patch_0347.npy,0
scene02,348,576,384,data/processed/scene02/images/patch_0348.npy,data/processed/scene02/masks/patch_0348.npy,0
scene02,349,576,448,data/processed/scene02/images/patch_0349.npy,data/processed/scene02/masks/patch_0349.npy,0
scene02,350,576,512,data/processed/scene02/images/patch_0350.npy,data/processed/scene02/masks/patch_0350.npy,0
scene02,351,576,576,data/processed/scene02/images/patch_0351.npy,data/processed/scene02/masks/patch_0351.npy,177
scene02,352,576,640,data/processed/scene02/images/patch_0352.npy,data/processed/scene02/masks/patch_0352.npy,177
scene02,353,576,704,data/processed/scene02/images/patch_0353.npy,data/processed/scene02/masks/patch_0353.npy,0
scene02,354,576,768,data/processed/scene02/images/patch_0354.npy,data/processed/scene02/masks/patch_0354.npy,0
scene02,355,576,832,data/processed/scene02/images/patch_0355.npy,data/processed/scene02/masks/patch_0355.npy,29
scene02,356,576,896,data/processed/scene02/images/patch_0356.npy,data/processed/scene02/masks/patch_0356.npy,452
scene02,357,576,960,data/processed/scene02/images/patch_0357.npy,data/processed/scene02/masks/patch_0357.npy,1743
scene02,358,576,1024,data/processed/scene02/images/patch_0358.npy,data/processed/scene02/masks/patch_0358.npy,2951
scene02,359,576,1088,data/processed/scene02/images/patch_0359.npy,data/processed/scene02/masks/patch_0359.npy,1631
scene02,360,576,1152,data/processed/scene02/images/patch_0360.npy,data/processed/scene02/masks/patch_0360.npy,0
scene02,361,576,1216,data/processed/scene02/images/patch_0361.npy,data/processed/scene02/masks/patch_0361.npy,0
scene02,362,576,1280,data/processed/scene02/images/patch_0362.npy,data/processed/scene02/masks/patch_0362.npy,0
scene02,363,576,1344,data/processed/scene02/images/patch_0363.npy,data/processed/scene02/masks/patch_0363.npy,0
scene02,364,576,1408,data/processed/scene02/images/patch_0364.npy,data/processed/scene02/masks/patch_0364.npy,0
scene02,365,576,1472,data/processed/scene02/images/patch_0365.npy,data/processed/scene02/masks/patch_0365.npy,0
scene02,366,576,1536,data/processed/scene02/images/patch_0366.npy,data/processed/scene02/masks/patch_0366.npy,0
scene02,367,576,1600,data/processed/scene02/images/patch_0367.npy,data/processed/scene02/masks/patch_0367.npy,0
scene02,368,576,1664,data/processed/scene02/images/patch_0368.npy,data/processed/scene02/masks/patch_0368.npy,0
scene02,369,576,1728,data/processed/scene02/images/patch_0369.npy,data/processed/scene02/masks/patch_0369.npy,0
scene02,370,576,1792,data/processed/scene02/images/patch_0370.npy,data/processed/scene02/masks/patch_0370.npy,0
scene02,371,576,1856,data/processed/scene02/images/patch_0371.npy,data/processed/scene02/masks/patch_0371.npy,0
scene02,372,576,1920,data/processed/scene02/images/patch_0372.npy,data/processed/scene02/masks/patch_0372.npy,0
scene02,373,576,1984,data/processed/scene02/images/patch_0373.npy,data/processed/scene02/masks/patch_0373.npy,0
scene02,374,576,2048,data/processed/scene02/images/patch_0374.npy,data/processed/scene02/masks/patch_0374.npy,0
scene02,375,576,2112,data/processed/scene02/images/patch_0375.npy,data/processed/scene02/masks/patch_0375.npy,0
scene02,376,576,2176,data/processed/scene02/images/patch_0376.npy,data/processed/scene02/masks/patch_0376.npy,0
scene02,377,576,2240,data/processed/scene02/images/patch_0377.npy,data/processed/scene02/masks/patch_0377.npy,0
scene02,378,576,2304,data/processed/scene02/images/patch_0378.npy,data/processed/scene02/masks/patch_0378.npy,90
scene02,379,576,2368,data/processed/scene02/images/patch_0379.npy,data/processed/scene02/masks/patch_0379.npy,90
scene02,380,640,0,data/processed/scene02/images/patch_0380.npy,data/processed/scene02/masks/patch_0380.npy,50
scene02,381,640,64,data/processed/scene02/images/patch_0381.npy,data/processed/scene02/masks/patch_0381.npy,285
scene02,382,640,128,data/processed/scene02/images/patch_0382.npy,data/processed/scene02/masks/patch_0382.npy,774
scene02,383,640,192,data/processed/scene02/images/patch_0383.npy,data/processed/scene02/masks/patch_0383.npy,2033
scene02,384,640,256,data/processed/scene02/images/patch_0384.npy,data/processed/scene02/masks/patch_0384.npy,2577
scene02,385,640,320,data/processed/scene02/images/patch_0385.npy,data/processed/scene02/masks/patch_0385.npy,1597
scene02,386,640,384,data/processed/scene02/images/patch_0386.npy,data/processed/scene02/masks/patch_0386.npy,514
scene02,387,640,448,data/processed/scene02/images/patch_0387.npy,data/processed/scene02/masks/patch_0387.npy,0
scene02,388,640,512,data/processed/scene02/images/patch_0388.npy,data/processed/scene02/masks/patch_0388.npy,0
scene02,389,640,576,data/processed/scene02/images/patch_0389.npy,data/processed/scene02/masks/patch_0389.npy,52
scene02,390,640,640,data/processed/scene02/images/patch_0390.npy,data/processed/scene02/masks/patch_0390.npy,52
scene02,391,640,704,data/processed/scene02/images/patch_0391.npy,data/processed/scene02/masks/patch_0391.npy,0
scene02,392,640,768,data/processed/scene02/images/patch_0392.npy,data/processed/scene02/masks/patch_0392.npy,0
scene02,393,640,832,data/processed/scene02/images/patch_0393.npy,data/processed/scene02/masks/patch_0393.npy,0
scene02,394,640,896,data/processed/scene02/images/patch_0394.npy,data/processed/scene02/masks/patch_0394.npy,0
scene02,395,640,960,data/processed/scene02/images/patch_0395.npy,data/processed/scene02/masks/patch_0395.npy,0
scene02,396,640,1024,data/processed/scene02/images/patch_0396.npy,data/processed/scene02/masks/patch_0396.npy,0
scene02,397,640,1088,data/processed/scene02/images/patch_0397.npy,data/processed/scene02/masks/patch_0397.npy,0
scene02,398,640,1152,data/processed/scene02/images/patch_0398.npy,data/processed/scene02/masks/patch_0398.npy,64
scene02,399,640,1216,data/processed/scene02/images/patch_0399.npy,data/processed/scene02/masks/patch_0399.npy,64
scene02,400,640,1280,data/processed/scene02/images/patch_0400.npy,data/processed/scene02/masks/patch_0400.npy,0
scene02,401,640,1344,data/processed/scene02/images/patch_0401.npy,data/processed/scene02/masks/patch_0401.npy,0
scene02,402,640,1408,data/processed/scene02/images/patch_0402.npy,data/processed/scene02/masks/patch_0402.npy,0
scene02,403,640,1472,data/processed/scene02/images/patch_0403.npy,data/processed/scene02/masks/patch_0403.npy,0
scene02,404,640,1536,data/processed/scene02/images/patch_0404.npy,data/processed/scene02/masks/patch_0404.npy,0
scene02,405,640,1600,data/processed/scene02/images/patch_0405.npy,data/processed/scene02/masks/patch_0405.npy,0
scene02,406,640,1664,data/processed/scene02/images/patch_0406.npy,data/processed/scene02/masks/patch_0406.npy,0
scene02,407,640,1728,data/processed/scene02/images/patch_0407.npy,data/processed/scene02/masks/patch_0407.npy,0
scene02,408,640,1792,data/processed/scene02/images/patch_0408.npy,data/processed/scene02/masks/patch_0408.npy,0
scene02,409,640,1856,data/processed/scene02/images/patch_0409.npy,data/processed/scene02/masks/patch_0409.npy,37
scene02,410,640,1920,data/processed/scene02/images/patch_0410.npy,data/processed/scene02/masks/patch_0410.npy,37
scene02,411,640,1984,data/processed/scene02/images/patch_0411.npy,data/processed/scene02/masks/patch_0411.npy,0
scene02,412,640,2048,data/processed/scene02/images/patch_0412.npy,data/processed/scene02/masks/patch_0412.npy,0
scene02,413,640,2112,data/processed/scene02/images/patch_0413.npy,data/processed/scene02/masks/patch_0413.npy,0
scene02,414,640,2176,data/processed/scene02/images/patch_0414.npy,data/processed/scene02/masks/patch_0414.npy,0
scene02,415,640,2240,data/processed/scene02/images/patch_0415.npy,data/processed/scene02/masks/patch_0415.npy,0
scene02,416,640,2304,data/processed/scene02/images/patch_0416.npy,data/processed/scene02/masks/patch_0416.npy,0
scene02,417,640,2368,data/processed/scene02/images/patch_0417.npy,data/processed/scene02/masks/patch_0417.npy,0
scene02,418,704,0,data/processed/scene02/images/patch_0418.npy,data/processed/scene02/masks/patch_0418.npy,50
scene02,419,704,64,data/processed/scene02/images/patch_0419.npy,data/processed/scene02/masks/patch_0419.npy,128
scene02,420,704,128,data/processed/scene02/images/patch_0420.npy,data/processed/scene02/masks/patch_0420.npy,293
scene02,421,704,192,data/processed/scene02/images/patch_0421.npy,data/processed/scene02/masks/patch_0421.npy,1348
scene02,422,704,256,data/processed/scene02/images/patch_0422.npy,data/processed/scene02/masks/patch_0422.npy,3310
scene02,423,704,320,data/processed/scene02/images/patch_0423.npy,data/processed/scene02/masks/patch_0423.npy,4666
scene02,424,704,384,data/processed/scene02/images/patch_0424.npy,data/processed/scene02/masks/patch_0424.npy,2489
scene02,425,704,448,data/processed/scene02/images/patch_0425.npy,data/processed/scene02/masks/patch_0425.npy,51
scene02,426,704,512,data/processed/scene02/images/patch_0426.npy,data/processed/scene02/masks/patch_0426.npy,51
scene02,427,704,576,data/processed/scene02/images/patch_0427.npy,data/processed/scene02/masks/patch_0427.npy,0
scene02,428,704,640,data/processed/scene02/images/patch_0428.npy,data/processed/scene02/masks/patch_0428.npy,0
scene02,429,704,704,data/processed/scene02/images/patch_0429.npy,data/processed/scene02/masks/patch_0429.npy,0
scene02,430,704,768,data/processed/scene02/images/patch_0430.npy,data/processed/scene02/masks/patch_0430.npy,0
scene02,431,704,832,data/processed/scene02/images/patch_0431.npy,data/processed/scene02/masks/patch_0431.npy,0
scene02,432,704,896,data/processed/scene02/images/patch_0432.npy,data/processed/scene02/masks/patch_0432.npy,0
scene02,433,704,960,data/processed/scene02/images/patch_0433.npy,data/processed/scene02/masks/patch_0433.npy,0
scene02,434,704,1024,data/processed/scene02/images/patch_0434.npy,data/processed/scene02/masks/patch_0434.npy,0
scene02,435,704,1088,data/processed/scene02/images/patch_0435.npy,data/processed/scene02/masks/patch_0435.npy,79
scene02,436,704,1152,data/processed/scene02/images/patch_0436.npy,data/processed/scene02/masks/patch_0436.npy,143
scene02,437,704,1216,data/processed/scene02/images/patch_0437.npy,data/processed/scene02/masks/patch_0437.npy,64
scene02,438,704,1280,data/processed/scene02/images/patch_0438.npy,data/processed/scene02/masks/patch_0438.npy,0
scene02,439,704,1344,data/processed/scene02/images/patch_0439.npy,data/processed/scene02/masks/patch_0439.npy,0
scene02,440,704,1408,data/processed/scene02/images/patch_0440.npy,data/processed/scene02/masks/patch_0440.npy,0
scene02,441,704,1472,data/processed/scene02/images/patch_0441.npy,data/processed/scene02/masks/patch_0441.npy,0
scene02,442,704,1536,data/processed/scene02/images/patch_0442.npy,data/processed/scene02/masks/patch_0442.npy,0
scene02,443,704,1600,data/processed/scene02/images/patch_0443.npy,data/processed/scene02/masks/patch_0443.npy,0
scene02,444,704,1664,data/processed/scene02/images/patch_0444.npy,data/processed/scene02/masks/patch_0444.npy,0
scene02,445,704,1728,data/processed/scene02/images/patch_0445.npy,data/processed/scene02/masks/patch_0445.npy,0
scene02,446,704,1792,data/processed/scene02/images/patch_0446.npy,data/processed/scene02/masks/patch_0446.npy,0
scene02,447,704,1856,data/processed/scene02/images/patch_0447.npy,data/processed/scene02/masks/patch_0447.npy,37
scene02,448,704,1920,data/processed/scene02/images/patch_0448.npy,data/processed/scene02/masks/patch_0448.npy,37
scene02,449,704,1984,data/processed/scene02/images/patch_0449.npy,data/processed/scene02/masks/patch_0449.npy,0
scene02,450,704,2048,data/processed/scene02/images/patch_0450.npy,data/processed/scene02/masks/patch_0450.npy,0
scene02,451,704,2112,data/processed/scene02/images/patch_0451.npy,data/processed/scene02/masks/patch_0451.npy,0
scene02,452,704,2176,data/processed/scene02/images/patch_0452.npy,data/processed/scene02/masks/patch_0452.npy,0
scene02,453,704,2240,data/processed/scene02/images/patch_0453.npy,data/processed/scene02/masks/patch_0453.npy,0
scene02,454,704,2304,data/processed/scene02/images/patch_0454.npy,data/processed/scene02/masks/patch_0454.npy,0
scene02,455,704,2368,data/processed/scene02/images/patch_0455.npy,data/processed/scene02/masks/patch_0455.npy,0
scene02,456,768,0,data/processed/scene02/images/patch_0456.npy,data/processed/scene02/masks/patch_0456.npy,0
scene02,457,768,64,data/processed/scene02/images/patch_0457.npy,data/processed/scene02/masks/patch_0457.npy,0
scene02,458,768,128,data/processed/scene02/images/patch_0458.npy,data/processed/scene02/masks/patch_0458.npy,0
scene02,459,768,192,data/processed/scene02/images/patch_0459.npy,data/processed/scene02/masks/patch_0459.npy,1489
scene02,460,768,256,data/processed/scene02/images/patch_0460.npy,data/processed/scene02/masks/patch_0460.npy,4490
scene02,461,768,320,data/processed/scene02/images/patch_0461.npy,data/processed/scene02/masks/patch_0461.npy,6901
scene02,462,768,384,data/processed/scene02/images/patch_0462.npy,data/processed/scene02/masks/patch_0462.npy,3900
scene02,463,768,448,data/processed/scene02/images/patch_0463.npy,data/processed/scene02/masks/patch_0463.npy,85
scene02,464,768,512,data/processed/scene02/images/patch_0464.npy,data/processed/scene02/masks/patch_0464.npy,85
scene02,465,768,576,data/processed/scene02/images/patch_0465.npy,data/processed/scene02/masks/patch_0465.npy,0
scene02,466,768,640,data/processed/scene02/images/patch_0466.npy,data/processed/scene02/masks/patch_0466.npy,0
scene02,467,768,704,data/processed/scene02/images/patch_0467.npy,data/processed/scene02/masks/patch_0467.npy,181
scene02,468,768,768,data/processed/scene02/images/patch_0468.npy,data/processed/scene02/masks/patch_0468.npy,184
scene02,469,768,832,data/processed/scene02/images/patch_0469.npy,data/processed/scene02/masks/patch_0469.npy,3
scene02,470,768,896,data/processed/scene02/images/patch_0470.npy,data/processed/scene02/masks/patch_0470.npy,0
scene02,471,768,960,data/processed/scene02/images/patch_0471.npy,data/processed/scene02/masks/patch_0471.npy,0
scene02,472,768,1024,data/processed/scene02/images/patch_0472.npy,data/processed/scene02/masks/patch_0472.npy,54
scene02,473,768,1088,data/processed/scene02/images/patch_0473.npy,data/processed/scene02/masks/patch_0473.npy,138
scene02,474,768,1152,data/processed/scene02/images/patch_0474.npy,data/processed/scene02/masks/patch_0474.npy,84
scene02,475,768,1216,data/processed/scene02/images/patch_0475.npy,data/processed/scene02/masks/patch_0475.npy,0
scene02,476,768,1280,data/processed/scene02/images/patch_0476.npy,data/processed/scene02/masks/patch_0476.npy,0
scene02,477,768,1344,data/processed/scene02/images/patch_0477.npy,data/processed/scene02/masks/patch_0477.npy,0
scene02,478,768,1408,data/processed/scene02/images/patch_0478.npy,data/processed/scene02/masks/patch_0478.npy,0
scene02,479,768,1472,data/processed/scene02/images/patch_0479.npy,data/processed/scene02/masks/patch_0479.npy,0
scene02,480,768,1536,data/processed/scene02/images/patch_0480.npy,data/processed/scene02/masks/patch_0480.npy,0
scene02,481,768,1600,data/processed/scene02/images/patch_0481.npy,data/processed/scene02/masks/patch_0481.npy,0
scene02,482,768,1664,data/processed/scene02/images/patch_0482.npy,data/processed/scene02/masks/patch_0482.npy,0
scene02,483,768,1728,data/processed/scene02/images/patch_0483.npy,data/processed/scene02/masks/patch_0483.npy,0
scene02,484,768,1792,data/processed/scene02/images/patch_0484.npy,data/processed/scene02/masks/patch_0484.npy,0
scene02,485,768,1856,data/processed/scene02/images/patch_0485.npy,data/processed/scene02/masks/patch_0485.npy,0
scene02,486,768,1920,data/processed/scene02/images/patch_0486.npy,data/processed/scene02/masks/patch_0486.npy,0
scene02,487,768,1984,data/processed/scene02/images/patch_0487.npy,data/processed/scene02/masks/patch_0487.npy,0
scene02,488,768,2048,data/processed/scene02/images/patch_0488.npy,data/processed/scene02/masks/patch_0488.npy,0
scene02,489,768,2112,data/processed/scene02/images/patch_0489.npy,data/processed/scene02/masks/patch_0489.npy,215
scene02,490,768,2176,data/processed/scene02/images/patch_0490.npy,data/processed/scene02/masks/patch_0490.npy,215
scene02,491,768,2240,data/processed/scene02/images/patch_0491.npy,data/processed/scene02/masks/patch_0491.npy,0
scene02,492,768,2304,data/processed/scene02/images/patch_0492.npy,data/processed/scene02/masks/patch_0492.npy,0
scene02,493,768,2368,data/processed/scene02/images/patch_0493.npy,data/processed/scene02/masks/patch_0493.npy,0
scene02,494,832,0,data/processed/scene02/images/patch_0494.npy,data/processed/scene02/masks/patch_0494.npy,0
scene02,495,832,64,data/processed/scene02/images/patch_0495.npy,data/processed/scene02/masks/patch_0495.npy,0
scene02,496,832,128,data/processed/scene02/images/patch_0496.npy,data/processed/scene02/masks/patch_0496.npy,0
scene02,497,832,192,data/processed/scene02/images/patch_0497.npy,data/processed/scene02/masks/patch_0497.npy,1579
scene02,498,832,256,data/processed/scene02/images/patch_0498.npy,data/processed/scene02/masks/patch_0498.npy,3604
scene02,499,832,320,data/processed/scene02/images/patch_0499.npy,data/processed/scene02/masks/patch_0499.npy,3950
scene02,500,832,384,data/processed/scene02/images/patch_0500.npy,data/processed/scene02/masks/patch_0500.npy,1968
scene02,501,832,448,data/processed/scene02/images/patch_0501.npy,data/processed/scene02/masks/patch_0501.npy,112
scene02,502,832,512,data/processed/scene02/images/patch_0502.npy,data/processed/scene02/masks/patch_0502.npy,878
scene02,503,832,576,data/processed/scene02/images/patch_0503.npy,data/processed/scene02/masks/patch_0503.npy,809
scene02,504,832,640,data/processed/scene02/images/patch_0504.npy,data/processed/scene02/masks/patch_0504.npy,0
scene02,505,832,704,data/processed/scene02/images/patch_0505.npy,data/processed/scene02/masks/patch_0505.npy,181
scene02,506,832,768,data/processed/scene02/images/patch_0506.npy,data/processed/scene02/masks/patch_0506.npy,184
scene02,507,832,832,data/processed/scene02/images/patch_0507.npy,data/processed/scene02/masks/patch_0507.npy,3
scene02,508,832,896,data/processed/scene02/images/patch_0508.npy,data/processed/scene02/masks/patch_0508.npy,0
scene02,509,832,960,data/processed/scene02/images/patch_0509.npy,data/processed/scene02/masks/patch_0509.npy,0
scene02,510,832,1024,data/processed/scene02/images/patch_0510.npy,data/processed/scene02/masks/patch_0510.npy,54
scene02,511,832,1088,data/processed/scene02/images/patch_0511.npy,data/processed/scene02/masks/patch_0511.npy,59
scene02,512,832,1152,data/processed/scene02/images/patch_0512.npy,data/processed/scene02/masks/patch_0512.npy,44
scene02,513,832,1216,data/processed/scene02/images/patch_0513.npy,data/processed/scene02/masks/patch_0513.npy,39
scene02,514,832,1280,data/processed/scene02/images/patch_0514.npy,data/processed/scene02/masks/patch_0514.npy,20
scene02,515,832,1344,data/processed/scene02/images/patch_0515.npy,data/processed/scene02/masks/patch_0515.npy,50
scene02,516,832,1408,data/processed/scene02/images/patch_0516.npy,data/processed/scene02/masks/patch_0516.npy,30
scene02,517,832,1472,data/processed/scene02/images/patch_0517.npy,data/processed/scene02/masks/patch_0517.npy,0
scene02,518,832,1536,data/processed/scene02/images/patch_0518.npy,data/processed/scene02/masks/patch_0518.npy,0
scene02,519,832,1600,data/processed/scene02/images/patch_0519.npy,data/processed/scene02/masks/patch_0519.npy,54
scene02,520,832,1664,data/processed/scene02/images/patch_0520.npy,data/processed/scene02/masks/patch_0520.npy,54
scene02,521,832,1728,data/processed/scene02/images/patch_0521.npy,data/processed/scene02/masks/patch_0521.npy,0
scene02,522,832,1792,data/processed/scene02/images/patch_0522.npy,data/processed/scene02/masks/patch_0522.npy,0
scene02,523,832,1856,data/processed/scene02/images/patch_0523.npy,data/processed/scene02/masks/patch_0523.npy,0
scene02,524,832,1920,data/processed/scene02/images/patch_0524.npy,data/processed/scene02/masks/patch_0524.npy,0
scene02,525,832,1984,data/processed/scene02/images/patch_0525.npy,data/processed/scene02/masks/patch_0525.npy,0
scene02,526,832,2048,data/processed/scene02/images/patch_0526.npy,data/processed/scene02/masks/patch_0526.npy,0
scene02,527,832,2112,data/processed/scene02/images/patch_0527.npy,data/processed/scene02/masks/patch_0527.npy,215
scene02,528,832,2176,data/processed/scene02/images/patch_0528.npy,data/processed/scene02/masks/patch_0528.npy,215
scene02,529,832,2240,data/processed/scene02/images/patch_0529.npy,data/processed/scene02/masks/patch_0529.npy,0
scene02,530,832,2304,data/processed/scene02/images/patch_0530.npy,data/processed/scene02/masks/patch_0530.npy,0
scene02,531,832,2368,data/processed/scene02/images/patch_0531.npy,data/processed/scene02/masks/patch_0531.npy,0
scene02,532,896,0,data/processed/scene02/images/patch_0532.npy,data/processed/scene02/masks/patch_0532.npy,264
scene02,533,896,64,data/processed/scene02/images/patch_0533.npy,data/processed/scene02/masks/patch_0533.npy,264
scene02,534,896,128,data/processed/scene02/images/patch_0534.npy,data/processed/scene02/masks/patch_0534.npy,0
scene02,535,896,192,data/processed/scene02/images/patch_0535.npy,data/processed/scene02/masks/patch_0535.npy,90
scene02,536,896,256,data/processed/scene02/images/patch_0536.npy,data/processed/scene02/masks/patch_0536.npy,208
scene02,537,896,320,data/processed/scene02/images/patch_0537.npy,data/processed/scene02/masks/patch_0537.npy,118
scene02,538,896,384,data/processed/scene02/images/patch_0538.npy,data/processed/scene02/masks/patch_0538.npy,186
scene02,539,896,448,data/processed/scene02/images/patch_0539.npy,data/processed/scene02/masks/patch_0539.npy,476
scene02,540,896,512,data/processed/scene02/images/patch_0540.npy,data/processed/scene02/masks/patch_0540.npy,1099
scene02,541,896,576,data/processed/scene02/images/patch_0541.npy,data/processed/scene02/masks/patch_0541.npy,914
scene02,542,896,640,data/processed/scene02/images/patch_0542.npy,data/processed/scene02/masks/patch_0542.npy,105
scene02,543,896,704,data/processed/scene02/images/patch_0543.npy,data/processed/scene02/masks/patch_0543.npy,0
scene02,544,896,768,data/processed/scene02/images/patch_0544.npy,data/processed/scene02/masks/patch_0544.npy,0
scene02,545,896,832,data/processed/scene02/images/patch_0545.npy,data/processed/scene02/masks/patch_0545.npy,0
scene02,546,896,896,data/processed/scene02/images/patch_0546.npy,data/processed/scene02/masks/patch_0546.npy,0
scene02,547,896,960,data/processed/scene02/images/patch_0547.npy,data/processed/scene02/masks/patch_0547.npy,348
scene02,548,896,1024,data/processed/scene02/images/patch_0548.npy,data/processed/scene02/masks/patch_0548.npy,348
scene02,549,896,1088,data/processed/scene02/images/patch_0549.npy,data/processed/scene02/masks/patch_0549.npy,191
scene02,550,896,1152,data/processed/scene02/images/patch_0550.npy,data/processed/scene02/masks/patch_0550.npy,230
scene02,551,896,1216,data/processed/scene02/images/patch_0551.npy,data/processed/scene02/masks/patch_0551.npy,39
scene02,552,896,1280,data/processed/scene02/images/patch_0552.npy,data/processed/scene02/masks/patch_0552.npy,20
scene02,553,896,1344,data/processed/scene02/images/patch_0553.npy,data/processed/scene02/masks/patch_0553.npy,670
scene02,554,896,1408,data/processed/scene02/images/patch_0554.npy,data/processed/scene02/masks/patch_0554.npy,650
scene02,555,896,1472,data/processed/scene02/images/patch_0555.npy,data/processed/scene02/masks/patch_0555.npy,0
scene02,556,896,1536,data/processed/scene02/images/patch_0556.npy,data/processed/scene02/masks/patch_0556.npy,0
scene02,557,896,1600,data/processed/scene02/images/patch_0557.npy,data/processed/scene02/masks/patch_0557.npy,54
scene02,558,896,1664,data/processed/scene02/images/patch_0558.npy,data/processed/scene02/masks/patch_0558.npy,54
scene02,559,896,1728,data/processed/scene02/images/patch_0559.npy,data/processed/scene02/masks/patch_0559.npy,0
scene02,560,896,1792,data/processed/scene02/images/patch_0560.npy,data/processed/scene02/masks/patch_0560.npy,0
scene02,561,896,1856,data/processed/scene02/images/patch_0561.npy,data/processed/scene02/masks/patch_0561.npy,0
scene02,562,896,1920,data/processed/scene02/images/patch_0562.npy,data/processed/scene02/masks/patch_0562.npy,0
scene02,563,896,1984,data/processed/scene02/images/patch_0563.npy,data/processed/scene02/masks/patch_0563.npy,0
scene02,564,896,2048,data/processed/scene02/images/patch_0564.npy,data/processed/scene02/masks/patch_0564.npy,0
scene02,565,896,2112,data/processed/scene02/images/patch_0565.npy,data/processed/scene02/masks/patch_0565.npy,0
scene02,566,896,2176,data/processed/scene02/images/patch_0566.npy,data/processed/scene02/masks/patch_0566.npy,18
scene02,567,896,2240,data/processed/scene02/images/patch_0567.npy,data/processed/scene02/masks/patch_0567.npy,18
scene02,568,896,2304,data/processed/scene02/images/patch_0568.npy,data/processed/scene02/masks/patch_0568.npy,0
scene02,569,896,2368,data/processed/scene02/images/patch_0569.npy,data/processed/scene02/masks/patch_0569.npy,0
scene02,570,960,0,data/processed/scene02/images/patch_0570.npy,data/processed/scene02/masks/patch_0570.npy,1590
scene02,571,960,64,data/processed/scene02/images/patch_0571.npy,data/processed/scene02/masks/patch_0571.npy,1590
scene02,572,960,128,data/processed/scene02/images/patch_0572.npy,data/processed/scene02/masks/patch_0572.npy,0
scene02,573,960,192,data/processed/scene02/images/patch_0573.npy,data/processed/scene02/masks/patch_0573.npy,0
scene02,574,960,256,data/processed/scene02/images/patch_0574.npy,data/processed/scene02/masks/patch_0574.npy,0
scene02,575,960,320,data/processed/scene02/images/patch_0575.npy,data/processed/scene02/masks/patch_0575.npy,0
scene02,576,960,384,data/processed/scene02/images/patch_0576.npy,data/processed/scene02/masks/patch_0576.npy,252
scene02,577,960,448,data/processed/scene02/images/patch_0577.npy,data/processed/scene02/masks/patch_0577.npy,1145
scene02,578,960,512,data/processed/scene02/images/patch_0578.npy,data/processed/scene02/masks/patch_0578.npy,1007
scene02,579,960,576,data/processed/scene02/images/patch_0579.npy,data/processed/scene02/masks/patch_0579.npy,1102
scene02,580,960,640,data/processed/scene02/images/patch_0580.npy,data/processed/scene02/masks/patch_0580.npy,1117
scene02,581,960,704,data/processed/scene02/images/patch_0581.npy,data/processed/scene02/masks/patch_0581.npy,129
scene02,582,960,768,data/processed/scene02/images/patch_0582.npy,data/processed/scene02/masks/patch_0582.npy,0
scene02,583,960,832,data/processed/scene02/images/patch_0583.npy,data/processed/scene02/masks/patch_0583.npy,0
scene02,584,960,896,data/processed/scene02/images/patch_0584.npy,data/processed/scene02/masks/patch_0584.npy,143
scene02,585,960,960,data/processed/scene02/images/patch_0585.npy,data/processed/scene02/masks/patch_0585.npy,491
scene02,586,960,1024,data/processed/scene02/images/patch_0586.npy,data/processed/scene02/masks/patch_0586.npy,348
scene02,587,960,1088,data/processed/scene02/images/patch_0587.npy,data/processed/scene02/masks/patch_0587.npy,191
scene02,588,960,1152,data/processed/scene02/images/patch_0588.npy,data/processed/scene02/masks/patch_0588.npy,191
scene02,589,960,1216,data/processed/scene02/images/patch_0589.npy,data/processed/scene02/masks/patch_0589.npy,0
scene02,590,960,1280,data/processed/scene02/images/patch_0590.npy,data/processed/scene02/masks/patch_0590.npy,496
scene02,591,960,1344,data/processed/scene02/images/patch_0591.npy,data/processed/scene02/masks/patch_0591.npy,1268
scene02,592,960,1408,data/processed/scene02/images/patch_0592.npy,data/processed/scene02/masks/patch_0592.npy,982
scene02,593,960,1472,data/processed/scene02/images/patch_0593.npy,data/processed/scene02/masks/patch_0593.npy,210
scene02,594,960,1536,data/processed/scene02/images/patch_0594.npy,data/processed/scene02/masks/patch_0594.npy,0
scene02,595,960,1600,data/processed/scene02/images/patch_0595.npy,data/processed/scene02/masks/patch_0595.npy,0
scene02,596,960,1664,data/processed/scene02/images/patch_0596.npy,data/processed/scene02/masks/patch_0596.npy,0
scene02,597,960,1728,data/processed/scene02/images/patch_0597.npy,data/processed/scene02/masks/patch_0597.npy,0
scene02,598,960,1792,data/processed/scene02/images/patch_0598.npy,data/processed/scene02/masks/patch_0598.npy,0
scene02,599,960,1856,data/processed/scene02/images/patch_0599.npy,data/processed/scene02/masks/patch_0599.npy,0
scene02,600,960,1920,data/processed/scene02/images/patch_0600.npy,data/processed/scene02/masks/patch_0600.npy,0
scene02,601,960,1984,data/processed/scene02/images/patch_0601.npy,data/processed/scene02/masks/patch_0601.npy,0
scene02,602,960,2048,data/processed/scene02/images/patch_0602.npy,data/processed/scene02/masks/patch_0602.npy,0
scene02,603,960,2112,data/processed/scene02/images/patch_0603.npy,data/processed/scene02/masks/patch_0603.npy,0
scene02,604,960,2176,data/processed/scene02/images/patch_0604.npy,data/processed/scene02/masks/patch_0604.npy,18
scene02,605,960,2240,data/processed/scene02/images/patch_0605.npy,data/processed/scene02/masks/patch_0605.npy,18
scene02,606,960,2304,data/processed/scene02/images/patch_0606.npy,data/processed/scene02/masks/patch_0606.npy,0
scene02,607,960,2368,data/processed/scene02/images/patch_0607.npy,data/processed/scene02/masks/patch_0607.npy,0
scene02,608,1024,0,data/processed/scene02/images/patch_0608.npy,data/processed/scene02/masks/patch_0608.npy,1329
scene02,609,1024,64,data/processed/scene02/images/patch_0609.npy,data/processed/scene02/masks/patch_0609.npy,1329
scene02,610,1024,128,data/processed/scene02/images/patch_0610.npy,data/processed/scene02/masks/patch_0610.npy,0
scene02,611,1024,192,data/processed/scene02/images/patch_0611.npy,data/processed/scene02/masks/patch_0611.npy,0
scene02,612,1024,256,data/processed/scene02/images/patch_0612.npy,data/processed/scene02/masks/patch_0612.npy,0
scene02,613,1024,320,data/processed/scene02/images/patch_0613.npy,data/processed/scene02/masks/patch_0613.npy,0
scene02,614,1024,384,data/processed/scene02/images/patch_0614.npy,data/processed/scene02/masks/patch_0614.npy,109
scene02,615,1024,448,data/processed/scene02/images/patch_0615.npy,data/processed/scene02/masks/patch_0615.npy,750
scene02,616,1024,512,data/processed/scene02/images/patch_0616.npy,data/processed/scene02/masks/patch_0616.npy,1887
scene02,617,1024,576,data/processed/scene02/images/patch_0617.npy,data/processed/scene02/masks/patch_0617.npy,5387
scene02,618,1024,640,data/processed/scene02/images/patch_0618.npy,data/processed/scene02/masks/patch_0618.npy,5081
scene02,619,1024,704,data/processed/scene02/images/patch_0619.npy,data/processed/scene02/masks/patch_0619.npy,940
scene02,620,1024,768,data/processed/scene02/images/patch_0620.npy,data/processed/scene02/masks/patch_0620.npy,0
scene02,621,1024,832,data/processed/scene02/images/patch_0621.npy,data/processed/scene02/masks/patch_0621.npy,15
scene02,622,1024,896,data/processed/scene02/images/patch_0622.npy,data/processed/scene02/masks/patch_0622.npy,192
scene02,623,1024,960,data/processed/scene02/images/patch_0623.npy,data/processed/scene02/masks/patch_0623.npy,177
scene02,624,1024,1024,data/processed/scene02/images/patch_0624.npy,data/processed/scene02/masks/patch_0624.npy,295
scene02,625,1024,1088,data/processed/scene02/images/patch_0625.npy,data/processed/scene02/masks/patch_0625.npy,295
scene02,626,1024,1152,data/processed/scene02/images/patch_0626.npy,data/processed/scene02/masks/patch_0626.npy,0
scene02,627,1024,1216,data/processed/scene02/images/patch_0627.npy,data/processed/scene02/masks/patch_0627.npy,0
scene02,628,1024,1280,data/processed/scene02/images/patch_0628.npy,data/processed/scene02/masks/patch_0628.npy,1537
scene02,629,1024,1344,data/processed/scene02/images/patch_0629.npy,data/processed/scene02/masks/patch_0629.npy,1689
scene02,630,1024,1408,data/processed/scene02/images/patch_0630.npy,data/processed/scene02/masks/patch_0630.npy,362
scene02,631,1024,1472,data/processed/scene02/images/patch_0631.npy,data/processed/scene02/masks/patch_0631.npy,210
scene02,632,1024,1536,data/processed/scene02/images/patch_0632.npy,data/processed/scene02/masks/patch_0632.npy,0
scene02,633,1024,1600,data/processed/scene02/images/patch_0633.npy,data/processed/scene02/masks/patch_0633.npy,45
scene02,634,1024,1664,data/processed/scene02/images/patch_0634.npy,data/processed/scene02/masks/patch_0634.npy,45
scene02,635,1024,1728,data/processed/scene02/images/patch_0635.npy,data/processed/scene02/masks/patch_0635.npy,0
scene02,636,1024,1792,data/processed/scene02/images/patch_0636.npy,data/processed/scene02/masks/patch_0636.npy,0
scene02,637,1024,1856,data/processed/scene02/images/patch_0637.npy,data/processed/scene02/masks/patch_0637.npy,0
scene02,638,1024,1920,data/processed/scene02/images/patch_0638.npy,data/processed/scene02/masks/patch_0638.npy,45
scene02,639,1024,1984,data/processed/scene02/images/patch_0639.npy,data/processed/scene02/masks/patch_0639.npy,45
scene02,640,1024,2048,data/processed/scene02/images/patch_0640.npy,data/processed/scene02/masks/patch_0640.npy,0
scene02,641,1024,2112,data/processed/scene02/images/patch_0641.npy,data/processed/scene02/masks/patch_0641.npy,0
scene02,642,1024,2176,data/processed/scene02/images/patch_0642.npy,data/processed/scene02/masks/patch_0642.npy,0
scene02,643,1024,2240,data/processed/scene02/images/patch_0643.npy,data/processed/scene02/masks/patch_0643.npy,0
scene02,644,1024,2304,data/processed/scene02/images/patch_0644.npy,data/processed/scene02/masks/patch_0644.npy,0
scene02,645,1024,2368,data/processed/scene02/images/patch_0645.npy,data/processed/scene02/masks/patch_0645.npy,0
scene02,646,1088,0,data/processed/scene02/images/patch_0646.npy,data/processed/scene02/masks/patch_0646.npy,3
scene02,647,1088,64,data/processed/scene02/images/patch_0647.npy,data/processed/scene02/masks/patch_0647.npy,1072
scene02,648,1088,128,data/processed/scene02/images/patch_0648.npy,data/processed/scene02/masks/patch_0648.npy,1119
scene02,649,1088,192,data/processed/scene02/images/patch_0649.npy,data/processed/scene02/masks/patch_0649.npy,50
scene02,650,1088,256,data/processed/scene02/images/patch_0650.npy,data/processed/scene02/masks/patch_0650.npy,0
scene02,651,1088,320,data/processed/scene02/images/patch_0651.npy,data/processed/scene02/masks/patch_0651.npy,37
scene02,652,1088,384,data/processed/scene02/images/patch_0652.npy,data/processed/scene02/masks/patch_0652.npy,37
scene02,653,1088,448,data/processed/scene02/images/patch_0653.npy,data/processed/scene02/masks/patch_0653.npy,42
scene02,654,1088,512,data/processed/scene02/images/patch_0654.npy,data/processed/scene02/masks/patch_0654.npy,3101
scene02,655,1088,576,data/processed/scene02/images/patch_0655.npy,data/processed/scene02/masks/patch_0655.npy,8371
scene02,656,1088,640,data/processed/scene02/images/patch_0656.npy,data/processed/scene02/masks/patch_0656.npy,6699
scene02,657,1088,704,data/processed/scene02/images/patch_0657.npy,data/processed/scene02/masks/patch_0657.npy,1387
scene02,658,1088,768,data/processed/scene02/images/patch_0658.npy,data/processed/scene02/masks/patch_0658.npy,0
scene02,659,1088,832,data/processed/scene02/images/patch_0659.npy,data/processed/scene02/masks/patch_0659.npy,20
scene02,660,1088,896,data/processed/scene02/images/patch_0660.npy,data/processed/scene02/masks/patch_0660.npy,72
scene02,661,1088,960,data/processed/scene02/images/patch_0661.npy,data/processed/scene02/masks/patch_0661.npy,52
scene02,662,1088,1024,data/processed/scene02/images/patch_0662.npy,data/processed/scene02/masks/patch_0662.npy,335
scene02,663,1088,1088,data/processed/scene02/images/patch_0663.npy,data/processed/scene02/masks/patch_0663.npy,335
scene02,664,1088,1152,data/processed/scene02/images/patch_0664.npy,data/processed/scene02/masks/patch_0664.npy,0
scene02,665,1088,1216,data/processed/scene02/images/patch_0665.npy,data/processed/scene02/masks/patch_0665.npy,0
scene02,666,1088,1280,data/processed/scene02/images/patch_0666.npy,data/processed/scene02/masks/patch_0666.npy,1041
scene02,667,1088,1344,data/processed/scene02/images/patch_0667.npy,data/processed/scene02/masks/patch_0667.npy,1041
scene02,668,1088,1408,data/processed/scene02/images/patch_0668.npy,data/processed/scene02/masks/patch_0668.npy,291
scene02,669,1088,1472,data/processed/scene02/images/patch_0669.npy,data/processed/scene02/masks/patch_0669.npy,291
scene02,670,1088,1536,data/processed/scene02/images/patch_0670.npy,data/processed/scene02/masks/patch_0670.npy,75
scene02,671,1088,1600,data/processed/scene02/images/patch_0671.npy,data/processed/scene02/masks/patch_0671.npy,443
scene02,672,1088,1664,data/processed/scene02/images/patch_0672.npy,data/processed/scene02/masks/patch_0672.npy,368
scene02,673,1088,1728,data/processed/scene02/images/patch_0673.npy,data/processed/scene02/masks/patch_0673.npy,0
scene02,674,1088,1792,data/processed/scene02/images/patch_0674.npy,data/processed/scene02/masks/patch_0674.npy,0
scene02,675,1088,1856,data/processed/scene02/images/patch_0675.npy,data/processed/scene02/masks/patch_0675.npy,0
scene02,676,1088,1920,data/processed/scene02/images/patch_0676.npy,data/processed/scene02/masks/patch_0676.npy,94
scene02,677,1088,1984,data/processed/scene02/images/patch_0677.npy,data/processed/scene02/masks/patch_0677.npy,97
scene02,678,1088,2048,data/processed/scene02/images/patch_0678.npy,data/processed/scene02/masks/patch_0678.npy,3
scene02,679,1088,2112,data/processed/scene02/images/patch_0679.npy,data/processed/scene02/masks/patch_0679.npy,207
scene02,680,1088,2176,data/processed/scene02/images/patch_0680.npy,data/processed/scene02/masks/patch_0680.npy,207
scene02,681,1088,2240,data/processed/scene02/images/patch_0681.npy,data/processed/scene02/masks/patch_0681.npy,0
scene02,682,1088,2304,data/processed/scene02/images/patch_0682.npy,data/processed/scene02/masks/patch_0682.npy,0
scene02,683,1088,2368,data/processed/scene02/images/patch_0683.npy,data/processed/scene02/masks/patch_0683.npy,0
scene02,684,1152,0,data/processed/scene02/images/patch_0684.npy,data/processed/scene02/masks/patch_0684.npy,0
scene02,685,1152,64,data/processed/scene02/images/patch_0685.npy,data/processed/scene02/masks/patch_0685.npy,1069
scene02,686,1152,128,data/processed/scene02/images/patch_0686.npy,data/processed/scene02/masks/patch_0686.npy,1119
scene02,687,1152,192,data/processed/scene02/images/patch_0687.npy,data/processed/scene02/masks/patch_0687.npy,50
scene02,688,1152,256,data/processed/scene02/images/patch_0688.npy,data/processed/scene02/masks/patch_0688.npy,0
scene02,689,1152,320,data/processed/scene02/images/patch_0689.npy,data/processed/scene02/masks/patch_0689.npy,37
scene02,690,1152,384,data/processed/scene02/images/patch_0690.npy,data/processed/scene02/masks/patch_0690.npy,37
scene02,691,1152,448,data/processed/scene02/images/patch_0691.npy,data/processed/scene02/masks/patch_0691.npy,39
scene02,692,1152,512,data/processed/scene02/images/patch_0692.npy,data/processed/scene02/masks/patch_0692.npy,1966
scene02,693,1152,576,data/processed/scene02/images/patch_0693.npy,data/processed/scene02/masks/patch_0693.npy,3981
scene02,694,1152,640,data/processed/scene02/images/patch_0694.npy,data/processed/scene02/masks/patch_0694.npy,2630
scene02,695,1152,704,data/processed/scene02/images/patch_0695.npy,data/processed/scene02/masks/patch_0695.npy,889
scene02,696,1152,768,data/processed/scene02/images/patch_0696.npy,data/processed/scene02/masks/patch_0696.npy,371
scene02,697,1152,832,data/processed/scene02/images/patch_0697.npy,data/processed/scene02/masks/patch_0697.npy,63
scene02,698,1152,896,data/processed/scene02/images/patch_0698.npy,data/processed/scene02/masks/patch_0698.npy,23
scene02,699,1152,960,data/processed/scene02/images/patch_0699.npy,data/processed/scene02/masks/patch_0699.npy,18
scene02,700,1152,1024,data/processed/scene02/images/patch_0700.npy,data/processed/scene02/masks/patch_0700.npy,40
scene02,701,1152,1088,data/processed/scene02/images/patch_0701.npy,data/processed/scene02/masks/patch_0701.npy,40
scene02,702,1152,1152,data/processed/scene02/images/patch_0702.npy,data/processed/scene02/masks/patch_0702.npy,71
scene02,703,1152,1216,data/processed/scene02/images/patch_0703.npy,data/processed/scene02/masks/patch_0703.npy,71
scene02,704,1152,1280,data/processed/scene02/images/patch_0704.npy,data/processed/scene02/masks/patch_0704.npy,0
scene02,705,1152,1344,data/processed/scene02/images/patch_0705.npy,data/processed/scene02/masks/patch_0705.npy,0
scene02,706,1152,1408,data/processed/scene02/images/patch_0706.npy,data/processed/scene02/masks/patch_0706.npy,291
scene02,707,1152,1472,data/processed/scene02/images/patch_0707.npy,data/processed/scene02/masks/patch_0707.npy,291
scene02,708,1152,1536,data/processed/scene02/images/patch_0708.npy,data/processed/scene02/masks/patch_0708.npy,935
scene02,709,1152,1600,data/processed/scene02/images/patch_0709.npy,data/processed/scene02/masks/patch_0709.npy,3827
scene02,710,1152,1664,data/processed/scene02/images/patch_0710.npy,data/processed/scene02/masks/patch_0710.npy,3156
scene02,711,1152,1728,data/processed/scene02/images/patch_0711.npy,data/processed/scene02/masks/patch_0711.npy,264
scene02,712,1152,1792,data/processed/scene02/images/patch_0712.npy,data/processed/scene02/masks/patch_0712.npy,0
scene02,713,1152,1856,data/processed/scene02/images/patch_0713.npy,data/processed/scene02/masks/patch_0713.npy,152
scene02,714,1152,1920,data/processed/scene02/images/patch_0714.npy,data/processed/scene02/masks/patch_0714.npy,336
scene02,715,1152,1984,data/processed/scene02/images/patch_0715.npy,data/processed/scene02/masks/patch_0715.npy,194
scene02,716,1152,2048,data/processed/scene02/images/patch_0716.npy,data/processed/scene02/masks/patch_0716.npy,10
scene02,717,1152,2112,data/processed/scene02/images/patch_0717.npy,data/processed/scene02/masks/patch_0717.npy,207
scene02,718,1152,2176,data/processed/scene02/images/patch_0718.npy,data/processed/scene02/masks/patch_0718.npy,207
scene02,719,1152,2240,data/processed/scene02/images/patch_0719.npy,data/processed/scene02/masks/patch_0719.npy,0
scene02,720,1152,2304,data/processed/scene02/images/patch_0720.npy,data/processed/scene02/masks/patch_0720.npy,0
scene02,721,1152,2368,data/processed/scene02/images/patch_0721.npy,data/processed/scene02/masks/patch_0721.npy,0
scene02,722,1216,0,data/processed/scene02/images/patch_0722.npy,data/processed/scene02/masks/patch_0722.npy,0
scene02,723,1216,64,data/processed/scene02/images/patch_0723.npy,data/processed/scene02/masks/patch_0723.npy,0
scene02,724,1216,128,data/processed/scene02/images/patch_0724.npy,data/processed/scene02/masks/patch_0724.npy,137
scene02,725,1216,192,data/processed/scene02/images/patch_0725.npy,data/processed/scene02/masks/patch_0725.npy,137
scene02,726,1216,256,data/processed/scene02/images/patch_0726.npy,data/processed/scene02/masks/patch_0726.npy,0
scene02,727,1216,320,data/processed/scene02/images/patch_0727.npy,data/processed/scene02/masks/patch_0727.npy,0
scene02,728,1216,384,data/processed/scene02/images/patch_0728.npy,data/processed/scene02/masks/patch_0728.npy,0
scene02,729,1216,448,data/processed/scene02/images/patch_0729.npy,data/processed/scene02/masks/patch_0729.npy,42
scene02,730,1216,512,data/processed/scene02/images/patch_0730.npy,data/processed/scene02/masks/patch_0730.npy,42
scene02,731,1216,576,data/processed/scene02/images/patch_0731.npy,data/processed/scene02/masks/patch_0731.npy,0
scene02,732,1216,640,data/processed/scene02/images/patch_0732.npy,data/processed/scene02/masks/patch_0732.npy,78
scene02,733,1216,704,data/processed/scene02/images/patch_0733.npy,data/processed/scene02/masks/patch_0733.npy,594
scene02,734,1216,768,data/processed/scene02/images/patch_0734.npy,data/processed/scene02/masks/patch_0734.npy,607
scene02,735,1216,832,data/processed/scene02/images/patch_0735.npy,data/processed/scene02/masks/patch_0735.npy,145
scene02,736,1216,896,data/processed/scene02/images/patch_0736.npy,data/processed/scene02/masks/patch_0736.npy,134
scene02,737,1216,960,data/processed/scene02/images/patch_0737.npy,data/processed/scene02/masks/patch_0737.npy,168
scene02,738,1216,1024,data/processed/scene02/images/patch_0738.npy,data/processed/scene02/masks/patch_0738.npy,88
scene02,739,1216,1088,data/processed/scene02/images/patch_0739.npy,data/processed/scene02/masks/patch_0739.npy,0
scene02,740,1216,1152,data/processed/scene02/images/patch_0740.npy,data/processed/scene02/masks/patch_0740.npy,71
scene02,741,1216,1216,data/processed/scene02/images/patch_0741.npy,data/processed/scene02/masks/patch_0741.npy,71
scene02,742,1216,1280,data/processed/scene02/images/patch_0742.npy,data/processed/scene02/masks/patch_0742.npy,0
scene02,743,1216,1344,data/processed/scene02/images/patch_0743.npy,data/processed/scene02/masks/patch_0743.npy,0
scene02,744,1216,1408,data/processed/scene02/images/patch_0744.npy,data/processed/scene02/masks/patch_0744.npy,0
scene02,745,1216,1472,data/processed/scene02/images/patch_0745.npy,data/processed/scene02/masks/patch_0745.npy,0
scene02,746,1216,1536,data/processed/scene02/images/patch_0746.npy,data/processed/scene02/masks/patch_0746.npy,898
scene02,747,1216,1600,data/processed/scene02/images/patch_0747.npy,data/processed/scene02/masks/patch_0747.npy,5590
scene02,748,1216,1664,data/processed/scene02/images/patch_0748.npy,data/processed/scene02/masks/patch_0748.npy,6348
scene02,749,1216,1728,data/processed/scene02/images/patch_0749.npy,data/processed/scene02/masks/patch_0749.npy,2076
scene02,750,1216,1792,data/processed/scene02/images/patch_0750.npy,data/processed/scene02/masks/patch_0750.npy,420
scene02,751,1216,1856,data/processed/scene02/images/patch_0751.npy,data/processed/scene02/masks/patch_0751.npy,152
scene02,752,1216,1920,data/processed/scene02/images/patch_0752.npy,data/processed/scene02/masks/patch_0752.npy,287
scene02,753,1216,1984,data/processed/scene02/images/patch_0753.npy,data/processed/scene02/masks/patch_0753.npy,142
scene02,754,1216,2048,data/processed/scene02/images/patch_0754.npy,data/processed/scene02/masks/patch_0754.npy,7
scene02,755,1216,2112,data/processed/scene02/images/patch_0755.npy,data/processed/scene02/masks/patch_0755.npy,0
scene02,756,1216,2176,data/processed/scene02/images/patch_0756.npy,data/processed/scene02/masks/patch_0756.npy,0
scene02,757,1216,2240,data/processed/scene02/images/patch_0757.npy,data/processed/scene02/masks/patch_0757.npy,39
scene02,758,1216,2304,data/processed/scene02/images/patch_0758.npy,data/processed/scene02/masks/patch_0758.npy,39
scene02,759,1216,2368,data/processed/scene02/images/patch_0759.npy,data/processed/scene02/masks/patch_0759.npy,0
scene02,760,1280,0,data/processed/scene02/images/patch_0760.npy,data/processed/scene02/masks/patch_0760.npy,0
scene02,761,1280,64,data/processed/scene02/images/patch_0761.npy,data/processed/scene02/masks/patch_0761.npy,0
scene02,762,1280,128,data/processed/scene02/images/patch_0762.npy,data/processed/scene02/masks/patch_0762.npy,137
scene02,763,1280,192,data/processed/scene02/images/patch_0763.npy,data/processed/scene02/masks/patch_0763.npy,700
scene02,764,1280,256,data/processed/scene02/images/patch_0764.npy,data/processed/scene02/masks/patch_0764.npy,563
scene02,765,1280,320,data/processed/scene02/images/patch_0765.npy,data/processed/scene02/masks/patch_0765.npy,0
scene02,766,1280,384,data/processed/scene02/images/patch_0766.npy,data/processed/scene02/masks/patch_0766.npy,0
scene02,767,1280,448,data/processed/scene02/images/patch_0767.npy,data/processed/scene02/masks/patch_0767.npy,42
scene02,768,1280,512,data/processed/scene02/images/patch_0768.npy,data/processed/scene02/masks/patch_0768.npy,42
scene02,769,1280,576,data/processed/scene02/images/patch_0769.npy,data/processed/scene02/masks/patch_0769.npy,0
scene02,770,1280,640,data/processed/scene02/images/patch_0770.npy,data/processed/scene02/masks/patch_0770.npy,78
scene02,771,1280,704,data/processed/scene02/images/patch_0771.npy,data/processed/scene02/masks/patch_0771.npy,283
scene02,772,1280,768,data/processed/scene02/images/patch_0772.npy,data/processed/scene02/masks/patch_0772.npy,241
scene02,773,1280,832,data/processed/scene02/images/patch_0773.npy,data/processed/scene02/masks/patch_0773.npy,90
scene02,774,1280,896,data/processed/scene02/images/patch_0774.npy,data/processed/scene02/masks/patch_0774.npy,134
scene02,775,1280,960,data/processed/scene02/images/patch_0775.npy,data/processed/scene02/masks/patch_0775.npy,168
scene02,776,1280,1024,data/processed/scene02/images/patch_0776.npy,data/processed/scene02/masks/patch_0776.npy,88
scene02,777,1280,1088,data/processed/scene02/images/patch_0777.npy,data/processed/scene02/masks/patch_0777.npy,0
scene02,778,1280,1152,data/processed/scene02/images/patch_0778.npy,data/processed/scene02/masks/patch_0778.npy,0
scene02,779,1280,1216,data/processed/scene02/images/patch_0779.npy,data/processed/scene02/masks/patch_0779.npy,0
scene02,780,1280,1280,data/processed/scene02/images/patch_0780.npy,data/processed/scene02/masks/patch_0780.npy,0
scene02,781,1280,1344,data/processed/scene02/images/patch_0781.npy,data/processed/scene02/masks/patch_0781.npy,0
scene02,782,1280,1408,data/processed/scene02/images/patch_0782.npy,data/processed/scene02/masks/patch_0782.npy,0
scene02,783,1280,1472,data/processed/scene02/images/patch_0783.npy,data/processed/scene02/masks/patch_0783.npy,0
scene02,784,1280,1536,data/processed/scene02/images/patch_0784.npy,data/processed/scene02/masks/patch_0784.npy,38
scene02,785,1280,1600,data/processed/scene02/images/patch_0785.npy,data/processed/scene02/masks/patch_0785.npy,2161
scene02,786,1280,1664,data/processed/scene02/images/patch_0786.npy,data/processed/scene02/masks/patch_0786.npy,4015
scene02,787,1280,1728,data/processed/scene02/images/patch_0787.npy,data/processed/scene02/masks/patch_0787.npy,2788
scene02,788,1280,1792,data/processed/scene02/images/patch_0788.npy,data/processed/scene02/masks/patch_0788.npy,896
scene02,789,1280,1856,data/processed/scene02/images/patch_0789.npy,data/processed/scene02/masks/patch_0789.npy,0
scene02,790,1280,1920,data/processed/scene02/images/patch_0790.npy,data/processed/scene02/masks/patch_0790.npy,0
scene02,791,1280,1984,data/processed/scene02/images/patch_0791.npy,data/processed/scene02/masks/patch_0791.npy,0
scene02,792,1280,2048,data/processed/scene02/images/patch_0792.npy,data/processed/scene02/masks/patch_0792.npy,43
scene02,793,1280,2112,data/processed/scene02/images/patch_0793.npy,data/processed/scene02/masks/patch_0793.npy,43
scene02,794,1280,2176,data/processed/scene02/images/patch_0794.npy,data/processed/scene02/masks/patch_0794.npy,0
scene02,795,1280,2240,data/processed/scene02/images/patch_0795.npy,data/processed/scene02/masks/patch_0795.npy,39
scene02,796,1280,2304,data/processed/scene02/images/patch_0796.npy,data/processed/scene02/masks/patch_0796.npy,39
scene02,797,1280,2368,data/processed/scene02/images/patch_0797.npy,data/processed/scene02/masks/patch_0797.npy,0
scene02,798,1344,0,data/processed/scene02/images/patch_0798.npy,data/processed/scene02/masks/patch_0798.npy,0
scene02,799,1344,64,data/processed/scene02/images/patch_0799.npy,data/processed/scene02/masks/patch_0799.npy,0
scene02,800,1344,128,data/processed/scene02/images/patch_0800.npy,data/processed/scene02/masks/patch_0800.npy,0
scene02,801,1344,192,data/processed/scene02/images/patch_0801.npy,data/processed/scene02/masks/patch_0801.npy,1110
scene02,802,1344,256,data/processed/scene02/images/patch_0802.npy,data/processed/scene02/masks/patch_0802.npy,1313
scene02,803,1344,320,data/processed/scene02/images/patch_0803.npy,data/processed/scene02/masks/patch_0803.npy,2412
scene02,804,1344,384,data/processed/scene02/images/patch_0804.npy,data/processed/scene02/masks/patch_0804.npy,2434
scene02,805,1344,448,data/processed/scene02/images/patch_0805.npy,data/processed/scene02/masks/patch_0805.npy,225
scene02,806,1344,512,data/processed/scene02/images/patch_0806.npy,data/processed/scene02/masks/patch_0806.npy,46
scene02,807,1344,576,data/processed/scene02/images/patch_0807.npy,data/processed/scene02/masks/patch_0807.npy,46
scene02,808,1344,640,data/processed/scene02/images/patch_0808.npy,data/processed/scene02/masks/patch_0808.npy,0
scene02,809,1344,704,data/processed/scene02/images/patch_0809.npy,data/processed/scene02/masks/patch_0809.npy,2
scene02,810,1344,768,data/processed/scene02/images/patch_0810.npy,data/processed/scene02/masks/patch_0810.npy,5
scene02,811,1344,832,data/processed/scene02/images/patch_0811.npy,data/processed/scene02/masks/patch_0811.npy,3
scene02,812,1344,896,data/processed/scene02/images/patch_0812.npy,data/processed/scene02/masks/patch_0812.npy,110
scene02,813,1344,960,data/processed/scene02/images/patch_0813.npy,data/processed/scene02/masks/patch_0813.npy,110
scene02,814,1344,1024,data/processed/scene02/images/patch_0814.npy,data/processed/scene02/masks/patch_0814.npy,0
scene02,815,1344,1088,data/processed/scene02/images/patch_0815.npy,data/processed/scene02/masks/patch_0815.npy,0
scene02,816,1344,1152,data/processed/scene02/images/patch_0816.npy,data/processed/scene02/masks/patch_0816.npy,0
scene02,817,1344,1216,data/processed/scene02/images/patch_0817.npy,data/processed/scene02/masks/patch_0817.npy,65
scene02,818,1344,1280,data/processed/scene02/images/patch_0818.npy,data/processed/scene02/masks/patch_0818.npy,65
scene02,819,1344,1344,data/processed/scene02/images/patch_0819.npy,data/processed/scene02/masks/patch_0819.npy,0
scene02,820,1344,1408,data/processed/scene02/images/patch_0820.npy,data/processed/scene02/masks/patch_0820.npy,0
scene02,821,1344,1472,data/processed/scene02/images/patch_0821.npy,data/processed/scene02/masks/patch_0821.npy,0
scene02,822,1344,1536,data/processed/scene02/images/patch_0822.npy,data/processed/scene02/masks/patch_0822.npy,0
scene02,823,1344,1600,data/processed/scene02/images/patch_0823.npy,data/processed/scene02/masks/patch_0823.npy,0
scene02,824,1344,1664,data/processed/scene02/images/patch_0824.npy,data/processed/scene02/masks/patch_0824.npy,500
scene02,825,1344,1728,data/processed/scene02/images/patch_0825.npy,data/processed/scene02/masks/patch_0825.npy,976
scene02,826,1344,1792,data/processed/scene02/images/patch_0826.npy,data/processed/scene02/masks/patch_0826.npy,476
scene02,827,1344,1856,data/processed/scene02/images/patch_0827.npy,data/processed/scene02/masks/patch_0827.npy,481
scene02,828,1344,1920,data/processed/scene02/images/patch_0828.npy,data/processed/scene02/masks/patch_0828.npy,481
scene02,829,1344,1984,data/processed/scene02/images/patch_0829.npy,data/processed/scene02/masks/patch_0829.npy,11
scene02,830,1344,2048,data/processed/scene02/images/patch_0830.npy,data/processed/scene02/masks/patch_0830.npy,169
scene02,831,1344,2112,data/processed/scene02/images/patch_0831.npy,data/processed/scene02/masks/patch_0831.npy,158
scene02,832,1344,2176,data/processed/scene02/images/patch_0832.npy,data/processed/scene02/masks/patch_0832.npy,0
scene02,833,1344,2240,data/processed/scene02/images/patch_0833.npy,data/processed/scene02/masks/patch_0833.npy,0
scene02,834,1344,2304,data/processed/scene02/images/patch_0834.npy,data/processed/scene02/masks/patch_0834.npy,0
scene02,835,1344,2368,data/processed/scene02/images/patch_0835.npy,data/processed/scene02/masks/patch_0835.npy,0
scene02,836,1408,0,data/processed/scene02/images/patch_0836.npy,data/processed/scene02/masks/patch_0836.npy,1084
scene02,837,1408,64,data/processed/scene02/images/patch_0837.npy,data/processed/scene02/masks/patch_0837.npy,0
scene02,838,1408,128,data/processed/scene02/images/patch_0838.npy,data/processed/scene02/masks/patch_0838.npy,0
scene02,839,1408,192,data/processed/scene02/images/patch_0839.npy,data/processed/scene02/masks/patch_0839.npy,547
scene02,840,1408,256,data/processed/scene02/images/patch_0840.npy,data/processed/scene02/masks/patch_0840.npy,1531
scene02,841,1408,320,data/processed/scene02/images/patch_0841.npy,data/processed/scene02/masks/patch_0841.npy,5792
scene02,842,1408,384,data/processed/scene02/images/patch_0842.npy,data/processed/scene02/masks/patch_0842.npy,5033
scene02,843,1408,448,data/processed/scene02/images/patch_0843.npy,data/processed/scene02/masks/patch_0843.npy,270
scene02,844,1408,512,data/processed/scene02/images/patch_0844.npy,data/processed/scene02/masks/patch_0844.npy,91
scene02,845,1408,576,data/processed/scene02/images/patch_0845.npy,data/processed/scene02/masks/patch_0845.npy,46
scene02,846,1408,640,data/processed/scene02/images/patch_0846.npy,data/processed/scene02/masks/patch_0846.npy,60
scene02,847,1408,704,data/processed/scene02/images/patch_0847.npy,data/processed/scene02/masks/patch_0847.npy,60
scene02,848,1408,768,data/processed/scene02/images/patch_0848.npy,data/processed/scene02/masks/patch_0848.npy,0
scene02,849,1408,832,data/processed/scene02/images/patch_0849.npy,data/processed/scene02/masks/patch_0849.npy,0
scene02,850,1408,896,data/processed/scene02/images/patch_0850.npy,data/processed/scene02/masks/patch_0850.npy,110
scene02,851,1408,960,data/processed/scene02/images/patch_0851.npy,data/processed/scene02/masks/patch_0851.npy,110
scene02,852,1408,1024,data/processed/scene02/images/patch_0852.npy,data/processed/scene02/masks/patch_0852.npy,0
scene02,853,1408,1088,data/processed/scene02/images/patch_0853.npy,data/processed/scene02/masks/patch_0853.npy,0
scene02,854,1408,1152,data/processed/scene02/images/patch_0854.npy,data/processed/scene02/masks/patch_0854.npy,59
scene02,855,1408,1216,data/processed/scene02/images/patch_0855.npy,data/processed/scene02/masks/patch_0855.npy,124
scene02,856,1408,1280,data/processed/scene02/images/patch_0856.npy,data/processed/scene02/masks/patch_0856.npy,65
scene02,857,1408,1344,data/processed/scene02/images/patch_0857.npy,data/processed/scene02/masks/patch_0857.npy,0
scene02,858,1408,1408,data/processed/scene02/images/patch_0858.npy,data/processed/scene02/masks/patch_0858.npy,0
scene02,859,1408,1472,data/processed/scene02/images/patch_0859.npy,data/processed/scene02/masks/patch_0859.npy,102
scene02,860,1408,1536,data/processed/scene02/images/patch_0860.npy,data/processed/scene02/masks/patch_0860.npy,102
scene02,861,1408,1600,data/processed/scene02/images/patch_0861.npy,data/processed/scene02/masks/patch_0861.npy,0
scene02,862,1408,1664,data/processed/scene02/images/patch_0862.npy,data/processed/scene02/masks/patch_0862.npy,0
scene02,863,1408,1728,data/processed/scene02/images/patch_0863.npy,data/processed/scene02/masks/patch_0863.npy,0
scene02,864,1408,1792,data/processed/scene02/images/patch_0864.npy,data/processed/scene02/masks/patch_0864.npy,0
scene02,865,1408,1856,data/processed/scene02/images/patch_0865.npy,data/processed/scene02/masks/patch_0865.npy,481
scene02,866,1408,1920,data/processed/scene02/images/patch_0866.npy,data/processed/scene02/masks/patch_0866.npy,481
scene02,867,1408,1984,data/processed/scene02/images/patch_0867.npy,data/processed/scene02/masks/patch_0867.npy,476
scene02,868,1408,2048,data/processed/scene02/images/patch_0868.npy,data/processed/scene02/masks/patch_0868.npy,981
scene02,869,1408,2112,data/processed/scene02/images/patch_0869.npy,data/processed/scene02/masks/patch_0869.npy,505
scene02,870,1408,2176,data/processed/scene02/images/patch_0870.npy,data/processed/scene02/masks/patch_0870.npy,0
scene02,871,1408,2240,data/processed/scene02/images/patch_0871.npy,data/processed/scene02/masks/patch_0871.npy,0
scene02,872,1408,2304,data/processed/scene02/images/patch_0872.npy,data/processed/scene02/masks/patch_0872.npy,0
scene02,873,1408,2368,data/processed/scene02/images/patch_0873.npy,data/processed/scene02/masks/patch_0873.npy,0
scene02,874,1472,0,data/processed/scene02/images/patch_0874.npy,data/processed/scene02/masks/patch_0874.npy,1084
scene02,875,1472,64,data/processed/scene02/images/patch_0875.npy,data/processed/scene02/masks/patch_0875.npy,0
scene02,876,1472,128,data/processed/scene02/images/patch_0876.npy,data/processed/scene02/masks/patch_0876.npy,0
scene02,877,1472,192,data/processed/scene02/images/patch_0877.npy,data/processed/scene02/masks/patch_0877.npy,0
scene02,878,1472,256,data/processed/scene02/images/patch_0878.npy,data/processed/scene02/masks/patch_0878.npy,1438
scene02,879,1472,320,data/processed/scene02/images/patch_0879.npy,data/processed/scene02/masks/patch_0879.npy,6641
scene02,880,1472,384,data/processed/scene02/images/patch_0880.npy,data/processed/scene02/masks/patch_0880.npy,5219
scene02,881,1472,448,data/processed/scene02/images/patch_0881.npy,data/processed/scene02/masks/patch_0881.npy,61
scene02,882,1472,512,data/processed/scene02/images/patch_0882.npy,data/processed/scene02/masks/patch_0882.npy,45
scene02,883,1472,576,data/processed/scene02/images/patch_0883.npy,data/processed/scene02/masks/patch_0883.npy,0
scene02,884,1472,640,data/processed/scene02/images/patch_0884.npy,data/processed/scene02/masks/patch_0884.npy,60
scene02,885,1472,704,data/processed/scene02/images/patch_0885.npy,data/processed/scene02/masks/patch_0885.npy,60
scene02,886,1472,768,data/processed/scene02/images/patch_0886.npy,data/processed/scene02/masks/patch_0886.npy,0
scene02,887,1472,832,data/processed/scene02/images/patch_0887.npy,data/processed/scene02/masks/patch_0887.npy,3
scene02,888,1472,896,data/processed/scene02/images/patch_0888.npy,data/processed/scene02/masks/patch_0888.npy,3
scene02,889,1472,960,data/processed/scene02/images/patch_0889.npy,data/processed/scene02/masks/patch_0889.npy,68
scene02,890,1472,1024,data/processed/scene02/images/patch_0890.npy,data/processed/scene02/masks/patch_0890.npy,68
scene02,891,1472,1088,data/processed/scene02/images/patch_0891.npy,data/processed/scene02/masks/patch_0891.npy,0
scene02,892,1472,1152,data/processed/scene02/images/patch_0892.npy,data/processed/scene02/masks/patch_0892.npy,59
scene02,893,1472,1216,data/processed/scene02/images/patch_0893.npy,data/processed/scene02/masks/patch_0893.npy,59
scene02,894,1472,1280,data/processed/scene02/images/patch_0894.npy,data/processed/scene02/masks/patch_0894.npy,0
scene02,895,1472,1344,data/processed/scene02/images/patch_0895.npy,data/processed/scene02/masks/patch_0895.npy,0
scene02,896,1472,1408,data/processed/scene02/images/patch_0896.npy,data/processed/scene02/masks/patch_0896.npy,0
scene02,897,1472,1472,data/processed/scene02/images/patch_0897.npy,data/processed/scene02/masks/patch_0897.npy,279
scene02,898,1472,1536,data/processed/scene02/images/patch_0898.npy,data/processed/scene02/masks/patch_0898.npy,279
scene02,899,1472,1600,data/processed/scene02/images/patch_0899.npy,data/processed/scene02/masks/patch_0899.npy,0
scene02,900,1472,1664,data/processed/scene02/images/patch_0900.npy,data/processed/scene02/masks/patch_0900.npy,0
scene02,901,1472,1728,data/processed/scene02/images/patch_0901.npy,data/processed/scene02/masks/patch_0901.npy,0
scene02,902,1472,1792,data/processed/scene02/images/patch_0902.npy,data/processed/scene02/masks/patch_0902.npy,0
scene02,903,1472,1856,data/processed/scene02/images/patch_0903.npy,data/processed/scene02/masks/patch_0903.npy,0
scene02,904,1472,1920,data/processed/scene02/images/patch_0904.npy,data/processed/scene02/masks/patch_0904.npy,106
scene02,905,1472,1984,data/processed/scene02/images/patch_0905.npy,data/processed/scene02/masks/patch_0905.npy,1252
scene02,906,1472,2048,data/processed/scene02/images/patch_0906.npy,data/processed/scene02/masks/patch_0906.npy,1536
scene02,907,1472,2112,data/processed/scene02/images/patch_0907.npy,data/processed/scene02/masks/patch_0907.npy,390
scene02,908,1472,2176,data/processed/scene02/images/patch_0908.npy,data/processed/scene02/masks/patch_0908.npy,0
scene02,909,1472,2240,data/processed/scene02/images/patch_0909.npy,data/processed/scene02/masks/patch_0909.npy,0
scene02,910,1472,2304,data/processed/scene02/images/patch_0910.npy,data/processed/scene02/masks/patch_0910.npy,0
scene02,911,1472,2368,data/processed/scene02/images/patch_0911.npy,data/processed/scene02/masks/patch_0911.npy,11
scene02,912,1536,0,data/processed/scene02/images/patch_0912.npy,data/processed/scene02/masks/patch_0912.npy,84
scene02,913,1536,64,data/processed/scene02/images/patch_0913.npy,data/processed/scene02/masks/patch_0913.npy,0
scene02,914,1536,128,data/processed/scene02/images/patch_0914.npy,data/processed/scene02/masks/patch_0914.npy,0
scene02,915,1536,192,data/processed/scene02/images/patch_0915.npy,data/processed/scene02/masks/patch_0915.npy,0
scene02,916,1536,256,data/processed/scene02/images/patch_0916.npy,data/processed/scene02/masks/patch_0916.npy,657
scene02,917,1536,320,data/processed/scene02/images/patch_0917.npy,data/processed/scene02/masks/patch_0917.npy,3297
scene02,918,1536,384,data/processed/scene02/images/patch_0918.npy,data/processed/scene02/masks/patch_0918.npy,2656
scene02,919,1536,448,data/processed/scene02/images/patch_0919.npy,data/processed/scene02/masks/patch_0919.npy,16
scene02,920,1536,512,data/processed/scene02/images/patch_0920.npy,data/processed/scene02/masks/patch_0920.npy,0
scene02,921,1536,576,data/processed/scene02/images/patch_0921.npy,data/processed/scene02/masks/patch_0921.npy,109
scene02,922,1536,640,data/processed/scene02/images/patch_0922.npy,data/processed/scene02/masks/patch_0922.npy,1156
scene02,923,1536,704,data/processed/scene02/images/patch_0923.npy,data/processed/scene02/masks/patch_0923.npy,1199
scene02,924,1536,768,data/processed/scene02/images/patch_0924.npy,data/processed/scene02/masks/patch_0924.npy,152
scene02,925,1536,832,data/processed/scene02/images/patch_0925.npy,data/processed/scene02/masks/patch_0925.npy,84
scene02,926,1536,896,data/processed/scene02/images/patch_0926.npy,data/processed/scene02/masks/patch_0926.npy,84
scene02,927,1536,960,data/processed/scene02/images/patch_0927.npy,data/processed/scene02/masks/patch_0927.npy,68
scene02,928,1536,1024,data/processed/scene02/images/patch_0928.npy,data/processed/scene02/masks/patch_0928.npy,198
scene02,929,1536,1088,data/processed/scene02/images/patch_0929.npy,data/processed/scene02/masks/patch_0929.npy,130
scene02,930,1536,1152,data/processed/scene02/images/patch_0930.npy,data/processed/scene02/masks/patch_0930.npy,0
scene02,931,1536,1216,data/processed/scene02/images/patch_0931.npy,data/processed/scene02/masks/patch_0931.npy,0
scene02,932,1536,1280,data/processed/scene02/images/patch_0932.npy,data/processed/scene02/masks/patch_0932.npy,0
scene02,933,1536,1344,data/processed/scene02/images/patch_0933.npy,data/processed/scene02/masks/patch_0933.npy,0
scene02,934,1536,1408,data/processed/scene02/images/patch_0934.npy,data/processed/scene02/masks/patch_0934.npy,0
scene02,935,1536,1472,data/processed/scene02/images/patch_0935.npy,data/processed/scene02/masks/patch_0935.npy,177
scene02,936,1536,1536,data/processed/scene02/images/patch_0936.npy,data/processed/scene02/masks/patch_0936.npy,177
scene02,937,1536,1600,data/processed/scene02/images/patch_0937.npy,data/processed/scene02/masks/patch_0937.npy,0
scene02,938,1536,1664,data/processed/scene02/images/patch_0938.npy,data/processed/scene02/masks/patch_0938.npy,0
scene02,939,1536,1728,data/processed/scene02/images/patch_0939.npy,data/processed/scene02/masks/patch_0939.npy,0
scene02,940,1536,1792,data/processed/scene02/images/patch_0940.npy,data/processed/scene02/masks/patch_0940.npy,77
scene02,941,1536,1856,data/processed/scene02/images/patch_0941.npy,data/processed/scene02/masks/patch_0941.npy,259
scene02,942,1536,1920,data/processed/scene02/images/patch_0942.npy,data/processed/scene02/masks/patch_0942.npy,479
scene02,943,1536,1984,data/processed/scene02/images/patch_0943.npy,data/processed/scene02/masks/patch_0943.npy,1640
scene02,944,1536,2048,data/processed/scene02/images/patch_0944.npy,data/processed/scene02/masks/patch_0944.npy,1493
scene02,945,1536,2112,data/processed/scene02/images/patch_0945.npy,data/processed/scene02/masks/patch_0945.npy,187
scene02,946,1536,2176,data/processed/scene02/images/patch_0946.npy,data/processed/scene02/masks/patch_0946.npy,37
scene02,947,1536,2240,data/processed/scene02/images/patch_0947.npy,data/processed/scene02/masks/patch_0947.npy,0
scene02,948,1536,2304,data/processed/scene02/images/patch_0948.npy,data/processed/scene02/masks/patch_0948.npy,6
scene02,949,1536,2368,data/processed/scene02/images/patch_0949.npy,data/processed/scene02/masks/patch_0949.npy,66
scene01,0,0,0,data/processed/scene01/images/patch_0000.npy,data/processed/scene01/masks/patch_0000.npy,13977
scene01,1,0,64,data/processed/scene01/images/patch_0001.npy,data/processed/scene01/masks/patch_0001.npy,13302
scene01,2,0,128,data/processed/scene01/images/patch_0002.npy,data/processed/scene01/masks/patch_0002.npy,12852
scene01,3,0,192,data/processed/scene01/images/patch_0003.npy,data/processed/scene01/masks/patch_0003.npy,11197
scene01,4,0,256,data/processed/scene01/images/patch_0004.npy,data/processed/scene01/masks/patch_0004.npy,12106
scene01,5,0,320,data/processed/scene01/images/patch_0005.npy,data/processed/scene01/masks/patch_0005.npy,11668
scene01,6,0,384,data/processed/scene01/images/patch_0006.npy,data/processed/scene01/masks/patch_0006.npy,6878
scene01,7,0,448,data/processed/scene01/images/patch_0007.npy,data/processed/scene01/masks/patch_0007.npy,9144
scene01,8,0,512,data/processed/scene01/images/patch_0008.npy,data/processed/scene01/masks/patch_0008.npy,12074
scene01,9,0,576,data/processed/scene01/images/patch_0009.npy,data/processed/scene01/masks/patch_0009.npy,10445
scene01,10,0,640,data/processed/scene01/images/patch_0010.npy,data/processed/scene01/masks/patch_0010.npy,11087
scene01,11,0,704,data/processed/scene01/images/patch_0011.npy,data/processed/scene01/masks/patch_0011.npy,13000
scene01,12,0,768,data/processed/scene01/images/patch_0012.npy,data/processed/scene01/masks/patch_0012.npy,13974
scene01,13,0,832,data/processed/scene01/images/patch_0013.npy,data/processed/scene01/masks/patch_0013.npy,14333
scene01,14,0,896,data/processed/scene01/images/patch_0014.npy,data/processed/scene01/masks/patch_0014.npy,14906
scene01,15,0,960,data/processed/scene01/images/patch_0015.npy,data/processed/scene01/masks/patch_0015.npy,15704
scene01,16,0,1024,data/processed/scene01/images/patch_0016.npy,data/processed/scene01/masks/patch_0016.npy,15256
scene01,17,0,1088,data/processed/scene01/images/patch_0017.npy,data/processed/scene01/masks/patch_0017.npy,13340
scene01,18,0,1152,data/processed/scene01/images/patch_0018.npy,data/processed/scene01/masks/patch_0018.npy,12872
scene01,19,0,1216,data/processed/scene01/images/patch_0019.npy,data/processed/scene01/masks/patch_0019.npy,14264
scene01,20,0,1280,data/processed/scene01/images/patch_0020.npy,data/processed/scene01/masks/patch_0020.npy,15554
scene01,21,0,1344,data/processed/scene01/images/patch_0021.npy,data/processed/scene01/masks/patch_0021.npy,14187
scene01,22,0,1408,data/processed/scene01/images/patch_0022.npy,data/processed/scene01/masks/patch_0022.npy,13666
scene01,23,0,1472,data/processed/scene01/images/patch_0023.npy,data/processed/scene01/masks/patch_0023.npy,15467
scene01,24,0,1536,data/processed/scene01/images/patch_0024.npy,data/processed/scene01/masks/patch_0024.npy,13165
scene01,25,0,1600,data/processed/scene01/images/patch_0025.npy,data/processed/scene01/masks/patch_0025.npy,9633
scene01,26,0,1664,data/processed/scene01/images/patch_0026.npy,data/processed/scene01/masks/patch_0026.npy,10858
scene01,27,0,1728,data/processed/scene01/images/patch_0027.npy,data/processed/scene01/masks/patch_0027.npy,13203
scene01,28,0,1792,data/processed/scene01/images/patch_0028.npy,data/processed/scene01/masks/patch_0028.npy,11681
scene01,29,0,1856,data/processed/scene01/images/patch_0029.npy,data/processed/scene01/masks/patch_0029.npy,8430
scene01,30,0,1920,data/processed/scene01/images/patch_0030.npy,data/processed/scene01/masks/patch_0030.npy,6194
scene01,31,0,1984,data/processed/scene01/images/patch_0031.npy,data/processed/scene01/masks/patch_0031.npy,8133
scene01,32,0,2048,data/processed/scene01/images/patch_0032.npy,data/processed/scene01/masks/patch_0032.npy,13142
scene01,33,0,2112,data/processed/scene01/images/patch_0033.npy,data/processed/scene01/masks/patch_0033.npy,13821
scene01,34,0,2176,data/processed/scene01/images/patch_0034.npy,data/processed/scene01/masks/patch_0034.npy,9497
scene01,35,0,2240,data/processed/scene01/images/patch_0035.npy,data/processed/scene01/masks/patch_0035.npy,6939
scene01,36,64,0,data/processed/scene01/images/patch_0036.npy,data/processed/scene01/masks/patch_0036.npy,13104
scene01,37,64,64,data/processed/scene01/images/patch_0037.npy,data/processed/scene01/masks/patch_0037.npy,12735
scene01,38,64,128,data/processed/scene01/images/patch_0038.npy,data/processed/scene01/masks/patch_0038.npy,12647
scene01,39,64,192,data/processed/scene01/images/patch_0039.npy,data/processed/scene01/masks/patch_0039.npy,10497
scene01,40,64,256,data/processed/scene01/images/patch_0040.npy,data/processed/scene01/masks/patch_0040.npy,12359
scene01,41,64,320,data/processed/scene01/images/patch_0041.npy,data/processed/scene01/masks/patch_0041.npy,14409
scene01,42,64,384,data/processed/scene01/images/patch_0042.npy,data/processed/scene01/masks/patch_0042.npy,10354
scene01,43,64,448,data/processed/scene01/images/patch_0043.npy,data/processed/scene01/masks/patch_0043.npy,11194
scene01,44,64,512,data/processed/scene01/images/patch_0044.npy,data/processed/scene01/masks/patch_0044.npy,14380
scene01,45,64,576,data/processed/scene01/images/patch_0045.npy,data/processed/scene01/masks/patch_0045.npy,12211
scene01,46,64,640,data/processed/scene01/images/patch_0046.npy,data/processed/scene01/masks/patch_0046.npy,9927
scene01,47,64,704,data/processed/scene01/images/patch_0047.npy,data/processed/scene01/masks/patch_0047.npy,11476
scene01,48,64,768,data/processed/scene01/images/patch_0048.npy,data/processed/scene01/masks/patch_0048.npy,14075
scene01,49,64,832,data/processed/scene01/images/patch_0049.npy,data/processed/scene01/masks/patch_0049.npy,14862
scene01,50,64,896,data/processed/scene01/images/patch_0050.npy,data/processed/scene01/masks/patch_0050.npy,15157
scene01,51,64,960,data/processed/scene01/images/patch_0051.npy,data/processed/scene01/masks/patch_0051.npy,15081
scene01,52,64,1024,data/processed/scene01/images/patch_0052.npy,data/processed/scene01/masks/patch_0052.npy,14620
scene01,53,64,1088,data/processed/scene01/images/patch_0053.npy,data/processed/scene01/masks/patch_0053.npy,14813
scene01,54,64,1152,data/processed/scene01/images/patch_0054.npy,data/processed/scene01/masks/patch_0054.npy,13289
scene01,55,64,1216,data/processed/scene01/images/patch_0055.npy,data/processed/scene01/masks/patch_0055.npy,13347
scene01,56,64,1280,data/processed/scene01/images/patch_0056.npy,data/processed/scene01/masks/patch_0056.npy,15632
scene01,57,64,1344,data/processed/scene01/images/patch_0057.npy,data/processed/scene01/masks/patch_0057.npy,14666
scene01,58,64,1408,data/processed/scene01/images/patch_0058.npy,data/processed/scene01/masks/patch_0058.npy,12569
scene01,59,64,1472,data/processed/scene01/images/patch_0059.npy,data/processed/scene01/masks/patch_0059.npy,13726
scene01,60,64,1536,data/processed/scene01/images/patch_0060.npy,data/processed/scene01/masks/patch_0060.npy,13278
scene01,61,64,1600,data/processed/scene01/images/patch_0061.npy,data/processed/scene01/masks/patch_0061.npy,11211
scene01,62,64,1664,data/processed/scene01/images/patch_0062.npy,data/processed/scene01/masks/patch_0062.npy,10870
scene01,63,64,1728,data/processed/scene01/images/patch_0063.npy,data/processed/scene01/masks/patch_0063.npy,11767
scene01,64,64,1792,data/processed/scene01/images/patch_0064.npy,data/processed/scene01/masks/patch_0064.npy,12239
scene01,65,64,1856,data/processed/scene01/images/patch_0065.npy,data/processed/scene01/masks/patch_0065.npy,8017
scene01,66,64,1920,data/processed/scene01/images/patch_0066.npy,data/processed/scene01/masks/patch_0066.npy,5236
scene01,67,64,1984,data/processed/scene01/images/patch_0067.npy,data/processed/scene01/masks/patch_0067.npy,6842
scene01,68,64,2048,data/processed/scene01/images/patch_0068.npy,data/processed/scene01/masks/patch_0068.npy,9486
scene01,69,64,2112,data/processed/scene01/images/patch_0069.npy,data/processed/scene01/masks/patch_0069.npy,12439
scene01,70,64,2176,data/processed/scene01/images/patch_0070.npy,data/processed/scene01/masks/patch_0070.npy,9800
scene01,71,64,2240,data/processed/scene01/images/patch_0071.npy,data/processed/scene01/masks/patch_0071.npy,5760
scene01,72,128,0,data/processed/scene01/images/patch_0072.npy,data/processed/scene01/masks/patch_0072.npy,13791
scene01,73,128,64,data/processed/scene01/images/patch_0073.npy,data/processed/scene01/masks/patch_0073.npy,14191
scene01,74,128,128,data/processed/scene01/images/patch_0074.npy,data/processed/scene01/masks/patch_0074.npy,13446
scene01,75,128,192,data/processed/scene01/images/patch_0075.npy,data/processed/scene01/masks/patch_0075.npy,9379
scene01,76,128,256,data/processed/scene01/images/patch_0076.npy,data/processed/scene01/masks/patch_0076.npy,11168
scene01,77,128,320,data/processed/scene01/images/patch_0077.npy,data/processed/scene01/masks/patch_0077.npy,15597
scene01,78,128,384,data/processed/scene01/images/patch_0078.npy,data/processed/scene01/masks/patch_0078.npy,15064
scene01,79,128,448,data/processed/scene01/images/patch_0079.npy,data/processed/scene01/masks/patch_0079.npy,14921
scene01,80,128,512,data/processed/scene01/images/patch_0080.npy,data/processed/scene01/masks/patch_0080.npy,14800
scene01,81,128,576,data/processed/scene01/images/patch_0081.npy,data/processed/scene01/masks/patch_0081.npy,13688
scene01,82,128,640,data/processed/scene01/images/patch_0082.npy,data/processed/scene01/masks/patch_0082.npy,11229
scene01,83,128,704,data/processed/scene01/images/patch_0083.npy,data/processed/scene01/masks/patch_0083.npy,10338
scene01,84,128,768,data/processed/scene01/images/patch_0084.npy,data/processed/scene01/masks/patch_0084.npy,13440
scene01,85,128,832,data/processed/scene01/images/patch_0085.npy,data/processed/scene01/masks/patch_0085.npy,15418
scene01,86,128,896,data/processed/scene01/images/patch_0086.npy,data/processed/scene01/masks/patch_0086.npy,14564
scene01,87,128,960,data/processed/scene01/images/patch_0087.npy,data/processed/scene01/masks/patch_0087.npy,13831
scene01,88,128,1024,data/processed/scene01/images/patch_0088.npy,data/processed/scene01/masks/patch_0088.npy,14208
scene01,89,128,1088,data/processed/scene01/images/patch_0089.npy,data/processed/scene01/masks/patch_0089.npy,14634
scene01,90,128,1152,data/processed/scene01/images/patch_0090.npy,data/processed/scene01/masks/patch_0090.npy,13804
scene01,91,128,1216,data/processed/scene01/images/patch_0091.npy,data/processed/scene01/masks/patch_0091.npy,13257
scene01,92,128,1280,data/processed/scene01/images/patch_0092.npy,data/processed/scene01/masks/patch_0092.npy,13420
scene01,93,128,1344,data/processed/scene01/images/patch_0093.npy,data/processed/scene01/masks/patch_0093.npy,13372
scene01,94,128,1408,data/processed/scene01/images/patch_0094.npy,data/processed/scene01/masks/patch_0094.npy,12532
scene01,95,128,1472,data/processed/scene01/images/patch_0095.npy,data/processed/scene01/masks/patch_0095.npy,13738
scene01,96,128,1536,data/processed/scene01/images/patch_0096.npy,data/processed/scene01/masks/patch_0096.npy,15274
scene01,97,128,1600,data/processed/scene01/images/patch_0097.npy,data/processed/scene01/masks/patch_0097.npy,13791
scene01,98,128,1664,data/processed/scene01/images/patch_0098.npy,data/processed/scene01/masks/patch_0098.npy,10915
scene01,99,128,1728,data/processed/scene01/images/patch_0099.npy,data/processed/scene01/masks/patch_0099.npy,10699
scene01,100,128,1792,data/processed/scene01/images/patch_0100.npy,data/processed/scene01/masks/patch_0100.npy,13257
scene01,101,128,1856,data/processed/scene01/images/patch_0101.npy,data/processed/scene01/masks/patch_0101.npy,10395
scene01,102,128,1920,data/processed/scene01/images/patch_0102.npy,data/processed/scene01/masks/patch_0102.npy,5614
scene01,103,128,1984,data/processed/scene01/images/patch_0103.npy,data/processed/scene01/masks/patch_0103.npy,5495
scene01,104,128,2048,data/processed/scene01/images/patch_0104.npy,data/processed/scene01/masks/patch_0104.npy,7796
scene01,105,128,2112,data/processed/scene01/images/patch_0105.npy,data/processed/scene01/masks/patch_0105.npy,10546
scene01,106,128,2176,data/processed/scene01/images/patch_0106.npy,data/processed/scene01/masks/patch_0106.npy,10890
scene01,107,128,2240,data/processed/scene01/images/patch_0107.npy,data/processed/scene01/masks/patch_0107.npy,8746
scene01,108,192,0,data/processed/scene01/images/patch_0108.npy,data/processed/scene01/masks/patch_0108.npy,14374
scene01,109,192,64,data/processed/scene01/images/patch_0109.npy,data/processed/scene01/masks/patch_0109.npy,14049
scene01,110,192,128,data/processed/scene01/images/patch_0110.npy,data/processed/scene01/masks/patch_0110.npy,14110
scene01,111,192,192,data/processed/scene01/images/patch_0111.npy,data/processed/scene01/masks/patch_0111.npy,10267
scene01,112,192,256,data/processed/scene01/images/patch_0112.npy,data/processed/scene01/masks/patch_0112.npy,10162
scene01,113,192,320,data/processed/scene01/images/patch_0113.npy,data/processed/scene01/masks/patch_0113.npy,13487
scene01,114,192,384,data/processed/scene01/images/patch_0114.npy,data/processed/scene01/masks/patch_0114.npy,13953
scene01,115,192,448,data/processed/scene01/images/patch_0115.npy,data/processed/scene01/masks/patch_0115.npy,15060
scene01,116,192,512,data/processed/scene01/images/patch_0116.npy,data/processed/scene01/masks/patch_0116.npy,15105
scene01,117,192,576,data/processed/scene01/images/patch_0117.npy,data/processed/scene01/masks/patch_0117.npy,13291
scene01,118,192,640,data/processed/scene01/images/patch_0118.npy,data/processed/scene01/masks/patch_0118.npy,10883
scene01,119,192,704,data/processed/scene01/images/patch_0119.npy,data/processed/scene01/masks/patch_0119.npy,10158
scene01,120,192,768,data/processed/scene01/images/patch_0120.npy,data/processed/scene01/masks/patch_0120.npy,12233
scene01,121,192,832,data/processed/scene01/images/patch_0121.npy,data/processed/scene01/masks/patch_0121.npy,14441
scene01,122,192,896,data/processed/scene01/images/patch_0122.npy,data/processed/scene01/masks/patch_0122.npy,14290
scene01,123,192,960,data/processed/scene01/images/patch_0123.npy,data/processed/scene01/masks/patch_0123.npy,14086
scene01,124,192,1024,data/processed/scene01/images/patch_0124.npy,data/processed/scene01/masks/patch_0124.npy,14314
scene01,125,192,1088,data/processed/scene01/images/patch_0125.npy,data/processed/scene01/masks/patch_0125.npy,14436
scene01,126,192,1152,data/processed/scene01/images/patch_0126.npy,data/processed/scene01/masks/patch_0126.npy,15061
scene01,127,192,1216,data/processed/scene01/images/patch_0127.npy,data/processed/scene01/masks/patch_0127.npy,14570
scene01,128,192,1280,data/processed/scene01/images/patch_0128.npy,data/processed/scene01/masks/patch_0128.npy,13380
scene01,129,192,1344,data/processed/scene01/images/patch_0129.npy,data/processed/scene01/masks/patch_0129.npy,14083
scene01,130,192,1408,data/processed/scene01/images/patch_0130.npy,data/processed/scene01/masks/patch_0130.npy,15284
scene01,131,192,1472,data/processed/scene01/images/patch_0131.npy,data/processed/scene01/masks/patch_0131.npy,15866
scene01,132,192,1536,data/processed/scene01/images/patch_0132.npy,data/processed/scene01/masks/patch_0132.npy,15537
scene01,133,192,1600,data/processed/scene01/images/patch_0133.npy,data/processed/scene01/masks/patch_0133.npy,12738
scene01,134,192,1664,data/processed/scene01/images/patch_0134.npy,data/processed/scene01/masks/patch_0134.npy,10866
scene01,135,192,1728,data/processed/scene01/images/patch_0135.npy,data/processed/scene01/masks/patch_0135.npy,12420
scene01,136,192,1792,data/processed/scene01/images/patch_0136.npy,data/processed/scene01/masks/patch_0136.npy,14727
scene01,137,192,1856,data/processed/scene01/images/patch_0137.npy,data/processed/scene01/masks/patch_0137.npy,13285
scene01,138,192,1920,data/processed/scene01/images/patch_0138.npy,data/processed/scene01/masks/patch_0138.npy,8785
scene01,139,192,1984,data/processed/scene01/images/patch_0139.npy,data/processed/scene01/masks/patch_0139.npy,8975
scene01,140,192,2048,data/processed/scene01/images/patch_0140.npy,data/processed/scene01/masks/patch_0140.npy,11997
scene01,141,192,2112,data/processed/scene01/images/patch_0141.npy,data/processed/scene01/masks/patch_0141.npy,12280
scene01,142,192,2176,data/processed/scene01/images/patch_0142.npy,data/processed/scene01/masks/patch_0142.npy,12584
scene01,143,192,2240,data/processed/scene01/images/patch_0143.npy,data/processed/scene01/masks/patch_0143.npy,11489
scene01,144,256,0,data/processed/scene01/images/patch_0144.npy,data/processed/scene01/masks/patch_0144.npy,13645
scene01,145,256,64,data/processed/scene01/images/patch_0145.npy,data/processed/scene01/masks/patch_0145.npy,13195
scene01,146,256,128,data/processed/scene01/images/patch_0146.npy,data/processed/scene01/masks/patch_0146.npy,13811
scene01,147,256,192,data/processed/scene01/images/patch_0147.npy,data/processed/scene01/masks/patch_0147.npy,12824
scene01,148,256,256,data/processed/scene01/images/patch_0148.npy,data/processed/scene01/masks/patch_0148.npy,11423
scene01,149,256,320,data/processed/scene01/images/patch_0149.npy,data/processed/scene01/masks/patch_0149.npy,12151
scene01,150,256,384,data/processed/scene01/images/patch_0150.npy,data/processed/scene01/masks/patch_0150.npy,13972
scene01,151,256,448,data/processed/scene01/images/patch_0151.npy,data/processed/scene01/masks/patch_0151.npy,14025
scene01,152,256,512,data/processed/scene01/images/patch_0152.npy,data/processed/scene01/masks/patch_0152.npy,14562
scene01,153,256,576,data/processed/scene01/images/patch_0153.npy,data/processed/scene01/masks/patch_0153.npy,14381
scene01,154,256,640,data/processed/scene01/images/patch_0154.npy,data/processed/scene01/masks/patch_0154.npy,13104
scene01,155,256,704,data/processed/scene01/images/patch_0155.npy,data/processed/scene01/masks/patch_0155.npy,13585
scene01,156,256,768,data/processed/scene01/images/patch_0156.npy,data/processed/scene01/masks/patch_0156.npy,13147
scene01,157,256,832,data/processed/scene01/images/patch_0157.npy,data/processed/scene01/masks/patch_0157.npy,13038
scene01,158,256,896,data/processed/scene01/images/patch_0158.npy,data/processed/scene01/masks/patch_0158.npy,14167
scene01,159,256,960,data/processed/scene01/images/patch_0159.npy,data/processed/scene01/masks/patch_0159.npy,14040
scene01,160,256,1024,data/processed/scene01/images/patch_0160.npy,data/processed/scene01/masks/patch_0160.npy,14408
scene01,161,256,1088,data/processed/scene01/images/patch_0161.npy,data/processed/scene01/masks/patch_0161.npy,15141
scene01,162,256,1152,data/processed/scene01/images/patch_0162.npy,data/processed/scene01/masks/patch_0162.npy,15141
scene01,163,256,1216,data/processed/scene01/images/patch_0163.npy,data/processed/scene01/masks/patch_0163.npy,14378
scene01,164,256,1280,data/processed/scene01/images/patch_0164.npy,data/processed/scene01/masks/patch_0164.npy,14379
scene01,165,256,1344,data/processed/scene01/images/patch_0165.npy,data/processed/scene01/masks/patch_0165.npy,14896
scene01,166,256,1408,data/processed/scene01/images/patch_0166.npy,data/processed/scene01/masks/patch_0166.npy,15307
scene01,167,256,1472,data/processed/scene01/images/patch_0167.npy,data/processed/scene01/masks/patch_0167.npy,15755
scene01,168,256,1536,data/processed/scene01/images/patch_0168.npy,data/processed/scene01/masks/patch_0168.npy,15115
scene01,169,256,1600,data/processed/scene01/images/patch_0169.npy,data/processed/scene01/masks/patch_0169.npy,11777
scene01,170,256,1664,data/processed/scene01/images/patch_0170.npy,data/processed/scene01/masks/patch_0170.npy,11673
scene01,171,256,1728,data/processed/scene01/images/patch_0171.npy,data/processed/scene01/masks/patch_0171.npy,14564
scene01,172,256,1792,data/processed/scene01/images/patch_0172.npy,data/processed/scene01/masks/patch_0172.npy,15471
scene01,173,256,1856,data/processed/scene01/images/patch_0173.npy,data/processed/scene01/masks/patch_0173.npy,15405
scene01,174,256,1920,data/processed/scene01/images/patch_0174.npy,data/processed/scene01/masks/patch_0174.npy,13897
scene01,175,256,1984,data/processed/scene01/images/patch_0175.npy,data/processed/scene01/masks/patch_0175.npy,13074
scene01,176,256,2048,data/processed/scene01/images/patch_0176.npy,data/processed/scene01/masks/patch_0176.npy,13499
scene01,177,256,2112,data/processed/scene01/images/patch_0177.npy,data/processed/scene01/masks/patch_0177.npy,13807
scene01,178,256,2176,data/processed/scene01/images/patch_0178.npy,data/processed/scene01/masks/patch_0178.npy,13730
scene01,179,256,2240,data/processed/scene01/images/patch_0179.npy,data/processed/scene01/masks/patch_0179.npy,11709
scene01,180,320,0,data/processed/scene01/images/patch_0180.npy,data/processed/scene01/masks/patch_0180.npy,13696
scene01,181,320,64,data/processed/scene01/images/patch_0181.npy,data/processed/scene01/masks/patch_0181.npy,13217
scene01,182,320,128,data/processed/scene01/images/patch_0182.npy,data/processed/scene01/masks/patch_0182.npy,13469
scene01,183,320,192,data/processed/scene01/images/patch_0183.npy,data/processed/scene01/masks/patch_0183.npy,14218
scene01,184,320,256,data/processed/scene01/images/patch_0184.npy,data/processed/scene01/masks/patch_0184.npy,12290
scene01,185,320,320,data/processed/scene01/images/patch_0185.npy,data/processed/scene01/masks/patch_0185.npy,12217
scene01,186,320,384,data/processed/scene01/images/patch_0186.npy,data/processed/scene01/masks/patch_0186.npy,15526
scene01,187,320,448,data/processed/scene01/images/patch_0187.npy,data/processed/scene01/masks/patch_0187.npy,14423
scene01,188,320,512,data/processed/scene01/images/patch_0188.npy,data/processed/scene01/masks/patch_0188.npy,14584
scene01,189,320,576,data/processed/scene01/images/patch_0189.npy,data/processed/scene01/masks/patch_0189.npy,15936
scene01,190,320,640,data/processed/scene01/images/patch_0190.npy,data/processed/scene01/masks/patch_0190.npy,15563
scene01,191,320,704,data/processed/scene01/images/patch_0191.npy,data/processed/scene01/masks/patch_0191.npy,15640
scene01,192,320,768,data/processed/scene01/images/patch_0192.npy,data/processed/scene01/masks/patch_0192.npy,13147
scene01,193,320,832,data/processed/scene01/images/patch_0193.npy,data/processed/scene01/masks/patch_0193.npy,12205
scene01,194,320,896,data/processed/scene01/images/patch_0194.npy,data/processed/scene01/masks/patch_0194.npy,12441
scene01,195,320,960,data/processed/scene01/images/patch_0195.npy,data/processed/scene01/masks/patch_0195.npy,12110
scene01,196,320,1024,data/processed/scene01/images/patch_0196.npy,data/processed/scene01/masks/patch_0196.npy,14520
scene01,197,320,1088,data/processed/scene01/images/patch_0197.npy,data/processed/scene01/masks/patch_0197.npy,15066
scene01,198,320,1152,data/processed/scene01/images/patch_0198.npy,data/processed/scene01/masks/patch_0198.npy,14834
scene01,199,320,1216,data/processed/scene01/images/patch_0199.npy,data/processed/scene01/masks/patch_0199.npy,14799
scene01,200,320,1280,data/processed/scene01/images/patch_0200.npy,data/processed/scene01/masks/patch_0200.npy,14329
scene01,201,320,1344,data/processed/scene01/images/patch_0201.npy,data/processed/scene01/masks/patch_0201.npy,14305
scene01,202,320,1408,data/processed/scene01/images/patch_0202.npy,data/processed/scene01/masks/patch_0202.npy,14846
scene01,203,320,1472,data/processed/scene01/images/patch_0203.npy,data/processed/scene01/masks/patch_0203.npy,15362
scene01,204,320,1536,data/processed/scene01/images/patch_0204.npy,data/processed/scene01/masks/patch_0204.npy,15386
scene01,205,320,1600,data/processed/scene01/images/patch_0205.npy,data/processed/scene01/masks/patch_0205.npy,12274
scene01,206,320,1664,data/processed/scene01/images/patch_0206.npy,data/processed/scene01/masks/patch_0206.npy,12386
scene01,207,320,1728,data/processed/scene01/images/patch_0207.npy,data/processed/scene01/masks/patch_0207.npy,14855
scene01,208,320,1792,data/processed/scene01/images/patch_0208.npy,data/processed/scene01/masks/patch_0208.npy,14706
scene01,209,320,1856,data/processed/scene01/images/patch_0209.npy,data/processed/scene01/masks/patch_0209.npy,15158
scene01,210,320,1920,data/processed/scene01/images/patch_0210.npy,data/processed/scene01/masks/patch_0210.npy,14877
scene01,211,320,1984,data/processed/scene01/images/patch_0211.npy,data/processed/scene01/masks/patch_0211.npy,13646
scene01,212,320,2048,data/processed/scene01/images/patch_0212.npy,data/processed/scene01/masks/patch_0212.npy,13696
scene01,213,320,2112,data/processed/scene01/images/patch_0213.npy,data/processed/scene01/masks/patch_0213.npy,13922
scene01,214,320,2176,data/processed/scene01/images/patch_0214.npy,data/processed/scene01/masks/patch_0214.npy,13693
scene01,215,320,2240,data/processed/scene01/images/patch_0215.npy,data/processed/scene01/masks/patch_0215.npy,10508
scene01,216,384,0,data/processed/scene01/images/patch_0216.npy,data/processed/scene01/masks/patch_0216.npy,13020
scene01,217,384,64,data/processed/scene01/images/patch_0217.npy,data/processed/scene01/masks/patch_0217.npy,12927
scene01,218,384,128,data/processed/scene01/images/patch_0218.npy,data/processed/scene01/masks/patch_0218.npy,14102
scene01,219,384,192,data/processed/scene01/images/patch_0219.npy,data/processed/scene01/masks/patch_0219.npy,15302
scene01,220,384,256,data/processed/scene01/images/patch_0220.npy,data/processed/scene01/masks/patch_0220.npy,12694
scene01,221,384,320,data/processed/scene01/images/patch_0221.npy,data/processed/scene01/masks/patch_0221.npy,11698
scene01,222,384,384,data/processed/scene01/images/patch_0222.npy,data/processed/scene01/masks/patch_0222.npy,14567
scene01,223,384,448,data/processed/scene01/images/patch_0223.npy,data/processed/scene01/masks/patch_0223.npy,15183
scene01,224,384,512,data/processed/scene01/images/patch_0224.npy,data/processed/scene01/masks/patch_0224.npy,15506
scene01,225,384,576,data/processed/scene01/images/patch_0225.npy,data/processed/scene01/masks/patch_0225.npy,16015
scene01,226,384,640,data/processed/scene01/images/patch_0226.npy,data/processed/scene01/masks/patch_0226.npy,15813
scene01,227,384,704,data/processed/scene01/images/patch_0227.npy,data/processed/scene01/masks/patch_0227.npy,15779
scene01,228,384,768,data/processed/scene01/images/patch_0228.npy,data/processed/scene01/masks/patch_0228.npy,13106
scene01,229,384,832,data/processed/scene01/images/patch_0229.npy,data/processed/scene01/masks/patch_0229.npy,12621
scene01,230,384,896,data/processed/scene01/images/patch_0230.npy,data/processed/scene01/masks/patch_0230.npy,13535
scene01,231,384,960,data/processed/scene01/images/patch_0231.npy,data/processed/scene01/masks/patch_0231.npy,11983
scene01,232,384,1024,data/processed/scene01/images/patch_0232.npy,data/processed/scene01/masks/patch_0232.npy,11664
scene01,233,384,1088,data/processed/scene01/images/patch_0233.npy,data/processed/scene01/masks/patch_0233.npy,11664
scene01,234,384,1152,data/processed/scene01/images/patch_0234.npy,data/processed/scene01/masks/patch_0234.npy,13489
scene01,235,384,1216,data/processed/scene01/images/patch_0235.npy,data/processed/scene01/masks/patch_0235.npy,14636
scene01,236,384,1280,data/processed/scene01/images/patch_0236.npy,data/processed/scene01/masks/patch_0236.npy,14217
scene01,237,384,1344,data/processed/scene01/images/patch_0237.npy,data/processed/scene01/masks/patch_0237.npy,14708
scene01,238,384,1408,data/processed/scene01/images/patch_0238.npy,data/processed/scene01/masks/patch_0238.npy,13701
scene01,239,384,1472,data/processed/scene01/images/patch_0239.npy,data/processed/scene01/masks/patch_0239.npy,12612
scene01,240,384,1536,data/processed/scene01/images/patch_0240.npy,data/processed/scene01/masks/patch_0240.npy,12720
scene01,241,384,1600,data/processed/scene01/images/patch_0241.npy,data/processed/scene01/masks/patch_0241.npy,12231
scene01,242,384,1664,data/processed/scene01/images/patch_0242.npy,data/processed/scene01/masks/patch_0242.npy,13790
scene01,243,384,1728,data/processed/scene01/images/patch_0243.npy,data/processed/scene01/masks/patch_0243.npy,15176
scene01,244,384,1792,data/processed/scene01/images/patch_0244.npy,data/processed/scene01/masks/patch_0244.npy,14762
scene01,245,384,1856,data/processed/scene01/images/patch_0245.npy,data/processed/scene01/masks/patch_0245.npy,14948
scene01,246,384,1920,data/processed/scene01/images/patch_0246.npy,data/processed/scene01/masks/patch_0246.npy,14357
scene01,247,384,1984,data/processed/scene01/images/patch_0247.npy,data/processed/scene01/masks/patch_0247.npy,13127
scene01,248,384,2048,data/processed/scene01/images/patch_0248.npy,data/processed/scene01/masks/patch_0248.npy,13198
scene01,249,384,2112,data/processed/scene01/images/patch_0249.npy,data/processed/scene01/masks/patch_0249.npy,12563
scene01,250,384,2176,data/processed/scene01/images/patch_0250.npy,data/processed/scene01/masks/patch_0250.npy,11946
scene01,251,384,2240,data/processed/scene01/images/patch_0251.npy,data/processed/scene01/masks/patch_0251.npy,10239
scene01,252,448,0,data/processed/scene01/images/patch_0252.npy,data/processed/scene01/masks/patch_0252.npy,11587
scene01,253,448,64,data/processed/scene01/images/patch_0253.npy,data/processed/scene01/masks/patch_0253.npy,11783
scene01,254,448,128,data/processed/scene01/images/patch_0254.npy,data/processed/scene01/masks/patch_0254.npy,14306
scene01,255,448,192,data/processed/scene01/images/patch_0255.npy,data/processed/scene01/masks/patch_0255.npy,15166
scene01,256,448,256,data/processed/scene01/images/patch_0256.npy,data/processed/scene01/masks/patch_0256.npy,13302
scene01,257,448,320,data/processed/scene01/images/patch_0257.npy,data/processed/scene01/masks/patch_0257.npy,10755
scene01,258,448,384,data/processed/scene01/images/patch_0258.npy,data/processed/scene01/masks/patch_0258.npy,11506
scene01,259,448,448,data/processed/scene01/images/patch_0259.npy,data/processed/scene01/masks/patch_0259.npy,14899
scene01,260,448,512,data/processed/scene01/images/patch_0260.npy,data/processed/scene01/masks/patch_0260.npy,15749
scene01,261,448,576,data/processed/scene01/images/patch_0261.npy,data/processed/scene01/masks/patch_0261.npy,15488
scene01,262,448,640,data/processed/scene01/images/patch_0262.npy,data/processed/scene01/masks/patch_0262.npy,15851
scene01,263,448,704,data/processed/scene01/images/patch_0263.npy,data/processed/scene01/masks/patch_0263.npy,15813
scene01,264,448,768,data/processed/scene01/images/patch_0264.npy,data/processed/scene01/masks/patch_0264.npy,14421
scene01,265,448,832,data/processed/scene01/images/patch_0265.npy,data/processed/scene01/masks/patch_0265.npy,14813
scene01,266,448,896,data/processed/scene01/images/patch_0266.npy,data/processed/scene01/masks/patch_0266.npy,16005
scene01,267,448,960,data/processed/scene01/images/patch_0267.npy,data/processed/scene01/masks/patch_0267.npy,13392
scene01,268,448,1024,data/processed/scene01/images/patch_0268.npy,data/processed/scene01/masks/patch_0268.npy,10604
scene01,269,448,1088,data/processed/scene01/images/patch_0269.npy,data/processed/scene01/masks/patch_0269.npy,8633
scene01,270,448,1152,data/processed/scene01/images/patch_0270.npy,data/processed/scene01/masks/patch_0270.npy,9250
scene01,271,448,1216,data/processed/scene01/images/patch_0271.npy,data/processed/scene01/masks/patch_0271.npy,11628
scene01,272,448,1280,data/processed/scene01/images/patch_0272.npy,data/processed/scene01/masks/patch_0272.npy,12639
scene01,273,448,1344,data/processed/scene01/images/patch_0273.npy,data/processed/scene01/masks/patch_0273.npy,14141
scene01,274,448,1408,data/processed/scene01/images/patch_0274.npy,data/processed/scene01/masks/patch_0274.npy,13790
scene01,275,448,1472,data/processed/scene01/images/patch_0275.npy,data/processed/scene01/masks/patch_0275.npy,12924
scene01,276,448,1536,data/processed/scene01/images/patch_0276.npy,data/processed/scene01/masks/patch_0276.npy,10610
scene01,277,448,1600,data/processed/scene01/images/patch_0277.npy,data/processed/scene01/masks/patch_0277.npy,11762
scene01,278,448,1664,data/processed/scene01/images/patch_0278.npy,data/processed/scene01/masks/patch_0278.npy,15442
scene01,279,448,1728,data/processed/scene01/images/patch_0279.npy,data/processed/scene01/masks/patch_0279.npy,15264
scene01,280,448,1792,data/processed/scene01/images/patch_0280.npy,data/processed/scene01/masks/patch_0280.npy,14376
scene01,281,448,1856,data/processed/scene01/images/patch_0281.npy,data/processed/scene01/masks/patch_0281.npy,14455
scene01,282,448,1920,data/processed/scene01/images/patch_0282.npy,data/processed/scene01/masks/patch_0282.npy,13317
scene01,283,448,1984,data/processed/scene01/images/patch_0283.npy,data/processed/scene01/masks/patch_0283.npy,11390
scene01,284,448,2048,data/processed/scene01/images/patch_0284.npy,data/processed/scene01/masks/patch_0284.npy,12261
scene01,285,448,2112,data/processed/scene01/images/patch_0285.npy,data/processed/scene01/masks/patch_0285.npy,12824
scene01,286,448,2176,data/processed/scene01/images/patch_0286.npy,data/processed/scene01/masks/patch_0286.npy,12727
scene01,287,448,2240,data/processed/scene01/images/patch_0287.npy,data/processed/scene01/masks/patch_0287.npy,11018
scene01,288,512,0,data/processed/scene01/images/patch_0288.npy,data/processed/scene01/masks/patch_0288.npy,5978
scene01,289,512,64,data/processed/scene01/images/patch_0289.npy,data/processed/scene01/masks/patch_0289.npy,8272
scene01,290,512,128,data/processed/scene01/images/patch_0290.npy,data/processed/scene01/masks/patch_0290.npy,11851
scene01,291,512,192,data/processed/scene01/images/patch_0291.npy,data/processed/scene01/masks/patch_0291.npy,12682
scene01,292,512,256,data/processed/scene01/images/patch_0292.npy,data/processed/scene01/masks/patch_0292.npy,12684
scene01,293,512,320,data/processed/scene01/images/patch_0293.npy,data/processed/scene01/masks/patch_0293.npy,9749
scene01,294,512,384,data/processed/scene01/images/patch_0294.npy,data/processed/scene01/masks/patch_0294.npy,9837
scene01,295,512,448,data/processed/scene01/images/patch_0295.npy,data/processed/scene01/masks/patch_0295.npy,13370
scene01,296,512,512,data/processed/scene01/images/patch_0296.npy,data/processed/scene01/masks/patch_0296.npy,13350
scene01,297,512,576,data/processed/scene01/images/patch_0297.npy,data/processed/scene01/masks/patch_0297.npy,14072
scene01,298,512,640,data/processed/scene01/images/patch_0298.npy,data/processed/scene01/masks/patch_0298.npy,15507
scene01,299,512,704,data/processed/scene01/images/patch_0299.npy,data/processed/scene01/masks/patch_0299.npy,15588
scene01,300,512,768,data/processed/scene01/images/patch_0300.npy,data/processed/scene01/masks/patch_0300.npy,14573
scene01,301,512,832,data/processed/scene01/images/patch_0301.npy,data/processed/scene01/masks/patch_0301.npy,14861
scene01,302,512,896,data/processed/scene01/images/patch_0302.npy,data/processed/scene01/masks/patch_0302.npy,14473
scene01,303,512,960,data/processed/scene01/images/patch_0303.npy,data/processed/scene01/masks/patch_0303.npy,13361
scene01,304,512,1024,data/processed/scene01/images/patch_0304.npy,data/processed/scene01/masks/patch_0304.npy,13342
scene01,305,512,1088,data/processed/scene01/images/patch_0305.npy,data/processed/scene01/masks/patch_0305.npy,9720
scene01,306,512,1152,data/processed/scene01/images/patch_0306.npy,data/processed/scene01/masks/patch_0306.npy,8593
scene01,307,512,1216,data/processed/scene01/images/patch_0307.npy,data/processed/scene01/masks/patch_0307.npy,9942
scene01,308,512,1280,data/processed/scene01/images/patch_0308.npy,data/processed/scene01/masks/patch_0308.npy,8465
scene01,309,512,1344,data/processed/scene01/images/patch_0309.npy,data/processed/scene01/masks/patch_0309.npy,10410
scene01,310,512,1408,data/processed/scene01/images/patch_0310.npy,data/processed/scene01/masks/patch_0310.npy,13844
scene01,311,512,1472,data/processed/scene01/images/patch_0311.npy,data/processed/scene01/masks/patch_0311.npy,15437
scene01,312,512,1536,data/processed/scene01/images/patch_0312.npy,data/processed/scene01/masks/patch_0312.npy,12380
scene01,313,512,1600,data/processed/scene01/images/patch_0313.npy,data/processed/scene01/masks/patch_0313.npy,12358
scene01,314,512,1664,data/processed/scene01/images/patch_0314.npy,data/processed/scene01/masks/patch_0314.npy,15370
scene01,315,512,1728,data/processed/scene01/images/patch_0315.npy,data/processed/scene01/masks/patch_0315.npy,13310
scene01,316,512,1792,data/processed/scene01/images/patch_0316.npy,data/processed/scene01/masks/patch_0316.npy,11206
scene01,317,512,1856,data/processed/scene01/images/patch_0317.npy,data/processed/scene01/masks/patch_0317.npy,12186
scene01,318,512,1920,data/processed/scene01/images/patch_0318.npy,data/processed/scene01/masks/patch_0318.npy,12600
scene01,319,512,1984,data/processed/scene01/images/patch_0319.npy,data/processed/scene01/masks/patch_0319.npy,12224
scene01,320,512,2048,data/processed/scene01/images/patch_0320.npy,data/processed/scene01/masks/patch_0320.npy,13920
scene01,321,512,2112,data/processed/scene01/images/patch_0321.npy,data/processed/scene01/masks/patch_0321.npy,13823
scene01,322,512,2176,data/processed/scene01/images/patch_0322.npy,data/processed/scene01/masks/patch_0322.npy,14296
scene01,323,512,2240,data/processed/scene01/images/patch_0323.npy,data/processed/scene01/masks/patch_0323.npy,13292
scene01,324,576,0,data/processed/scene01/images/patch_0324.npy,data/processed/scene01/masks/patch_0324.npy,1836
scene01,325,576,64,data/processed/scene01/images/patch_0325.npy,data/processed/scene01/masks/patch_0325.npy,4872
scene01,326,576,128,data/processed/scene01/images/patch_0326.npy,data/processed/scene01/masks/patch_0326.npy,7891
scene01,327,576,192,data/processed/scene01/images/patch_0327.npy,data/processed/scene01/masks/patch_0327.npy,8517
scene01,328,576,256,data/processed/scene01/images/patch_0328.npy,data/processed/scene01/masks/patch_0328.npy,8181
scene01,329,576,320,data/processed/scene01/images/patch_0329.npy,data/processed/scene01/masks/patch_0329.npy,9020
scene01,330,576,384,data/processed/scene01/images/patch_0330.npy,data/processed/scene01/masks/patch_0330.npy,11226
scene01,331,576,448,data/processed/scene01/images/patch_0331.npy,data/processed/scene01/masks/patch_0331.npy,13280
scene01,332,576,512,data/processed/scene01/images/patch_0332.npy,data/processed/scene01/masks/patch_0332.npy,13400
scene01,333,576,576,data/processed/scene01/images/patch_0333.npy,data/processed/scene01/masks/patch_0333.npy,13818
scene01,334,576,640,data/processed/scene01/images/patch_0334.npy,data/processed/scene01/masks/patch_0334.npy,15061
scene01,335,576,704,data/processed/scene01/images/patch_0335.npy,data/processed/scene01/masks/patch_0335.npy,15234
scene01,336,576,768,data/processed/scene01/images/patch_0336.npy,data/processed/scene01/masks/patch_0336.npy,12332
scene01,337,576,832,data/processed/scene01/images/patch_0337.npy,data/processed/scene01/masks/patch_0337.npy,9550
scene01,338,576,896,data/processed/scene01/images/patch_0338.npy,data/processed/scene01/masks/patch_0338.npy,9152
scene01,339,576,960,data/processed/scene01/images/patch_0339.npy,data/processed/scene01/masks/patch_0339.npy,12071
scene01,340,576,1024,data/processed/scene01/images/patch_0340.npy,data/processed/scene01/masks/patch_0340.npy,14377
scene01,341,576,1088,data/processed/scene01/images/patch_0341.npy,data/processed/scene01/masks/patch_0341.npy,12118
scene01,342,576,1152,data/processed/scene01/images/patch_0342.npy,data/processed/scene01/masks/patch_0342.npy,12120
scene01,343,576,1216,data/processed/scene01/images/patch_0343.npy,data/processed/scene01/masks/patch_0343.npy,11512
scene01,344,576,1280,data/processed/scene01/images/patch_0344.npy,data/processed/scene01/masks/patch_0344.npy,7110
scene01,345,576,1344,data/processed/scene01/images/patch_0345.npy,data/processed/scene01/masks/patch_0345.npy,8734
scene01,346,576,1408,data/processed/scene01/images/patch_0346.npy,data/processed/scene01/masks/patch_0346.npy,13436
scene01,347,576,1472,data/processed/scene01/images/patch_0347.npy,data/processed/scene01/masks/patch_0347.npy,15223
scene01,348,576,1536,data/processed/scene01/images/patch_0348.npy,data/processed/scene01/masks/patch_0348.npy,13373
scene01,349,576,1600,data/processed/scene01/images/patch_0349.npy,data/processed/scene01/masks/patch_0349.npy,11723
scene01,350,576,1664,data/processed/scene01/images/patch_0350.npy,data/processed/scene01/masks/patch_0350.npy,11876
scene01,351,576,1728,data/processed/scene01/images/patch_0351.npy,data/processed/scene01/masks/patch_0351.npy,10152
scene01,352,576,1792,data/processed/scene01/images/patch_0352.npy,data/processed/scene01/masks/patch_0352.npy,10120
scene01,353,576,1856,data/processed/scene01/images/patch_0353.npy,data/processed/scene01/masks/patch_0353.npy,12233
scene01,354,576,1920,data/processed/scene01/images/patch_0354.npy,data/processed/scene01/masks/patch_0354.npy,13698
scene01,355,576,1984,data/processed/scene01/images/patch_0355.npy,data/processed/scene01/masks/patch_0355.npy,14220
scene01,356,576,2048,data/processed/scene01/images/patch_0356.npy,data/processed/scene01/masks/patch_0356.npy,13353
scene01,357,576,2112,data/processed/scene01/images/patch_0357.npy,data/processed/scene01/masks/patch_0357.npy,9561
scene01,358,576,2176,data/processed/scene01/images/patch_0358.npy,data/processed/scene01/masks/patch_0358.npy,7689
scene01,359,576,2240,data/processed/scene01/images/patch_0359.npy,data/processed/scene01/masks/patch_0359.npy,7812
scene01,360,640,0,data/processed/scene01/images/patch_0360.npy,data/processed/scene01/masks/patch_0360.npy,7536
scene01,361,640,64,data/processed/scene01/images/patch_0361.npy,data/processed/scene01/masks/patch_0361.npy,7076
scene01,362,640,128,data/processed/scene01/images/patch_0362.npy,data/processed/scene01/masks/patch_0362.npy,6837
scene01,363,640,192,data/processed/scene01/images/patch_0363.npy,data/processed/scene01/masks/patch_0363.npy,8849
scene01,364,640,256,data/processed/scene01/images/patch_0364.npy,data/processed/scene01/masks/patch_0364.npy,8960
scene01,365,640,320,data/processed/scene01/images/patch_0365.npy,data/processed/scene01/masks/patch_0365.npy,11277
scene01,366,640,384,data/processed/scene01/images/patch_0366.npy,data/processed/scene01/masks/patch_0366.npy,13149
scene01,367,640,448,data/processed/scene01/images/patch_0367.npy,data/processed/scene01/masks/patch_0367.npy,14448
scene01,368,640,512,data/processed/scene01/images/patch_0368.npy,data/processed/scene01/masks/patch_0368.npy,15433
scene01,369,640,576,data/processed/scene01/images/patch_0369.npy,data/processed/scene01/masks/patch_0369.npy,14281
scene01,370,640,640,data/processed/scene01/images/patch_0370.npy,data/processed/scene01/masks/patch_0370.npy,14346
scene01,371,640,704,data/processed/scene01/images/patch_0371.npy,data/processed/scene01/masks/patch_0371.npy,14312
scene01,372,640,768,data/processed/scene01/images/patch_0372.npy,data/processed/scene01/masks/patch_0372.npy,11121
scene01,373,640,832,data/processed/scene01/images/patch_0373.npy,data/processed/scene01/masks/patch_0373.npy,5026
scene01,374,640,896,data/processed/scene01/images/patch_0374.npy,data/processed/scene01/masks/patch_0374.npy,3543
scene01,375,640,960,data/processed/scene01/images/patch_0375.npy,data/processed/scene01/masks/patch_0375.npy,9714
scene01,376,640,1024,data/processed/scene01/images/patch_0376.npy,data/processed/scene01/masks/patch_0376.npy,14440
scene01,377,640,1088,data/processed/scene01/images/patch_0377.npy,data/processed/scene01/masks/patch_0377.npy,13850
scene01,378,640,1152,data/processed/scene01/images/patch_0378.npy,data/processed/scene01/masks/patch_0378.npy,12899
scene01,379,640,1216,data/processed/scene01/images/patch_0379.npy,data/processed/scene01/masks/patch_0379.npy,13105
scene01,380,640,1280,data/processed/scene01/images/patch_0380.npy,data/processed/scene01/masks/patch_0380.npy,10580
scene01,381,640,1344,data/processed/scene01/images/patch_0381.npy,data/processed/scene01/masks/patch_0381.npy,10042
scene01,382,640,1408,data/processed/scene01/images/patch_0382.npy,data/processed/scene01/masks/patch_0382.npy,12668
scene01,383,640,1472,data/processed/scene01/images/patch_0383.npy,data/processed/scene01/masks/patch_0383.npy,13395
scene01,384,640,1536,data/processed/scene01/images/patch_0384.npy,data/processed/scene01/masks/patch_0384.npy,11506
scene01,385,640,1600,data/processed/scene01/images/patch_0385.npy,data/processed/scene01/masks/patch_0385.npy,9638
scene01,386,640,1664,data/processed/scene01/images/patch_0386.npy,data/processed/scene01/masks/patch_0386.npy,9423
scene01,387,640,1728,data/processed/scene01/images/patch_0387.npy,data/processed/scene01/masks/patch_0387.npy,11069
scene01,388,640,1792,data/processed/scene01/images/patch_0388.npy,data/processed/scene01/masks/patch_0388.npy,13707
scene01,389,640,1856,data/processed/scene01/images/patch_0389.npy,data/processed/scene01/masks/patch_0389.npy,13706
scene01,390,640,1920,data/processed/scene01/images/patch_0390.npy,data/processed/scene01/masks/patch_0390.npy,13312
scene01,391,640,1984,data/processed/scene01/images/patch_0391.npy,data/processed/scene01/masks/patch_0391.npy,14245
scene01,392,640,2048,data/processed/scene01/images/patch_0392.npy,data/processed/scene01/masks/patch_0392.npy,11083
scene01,393,640,2112,data/processed/scene01/images/patch_0393.npy,data/processed/scene01/masks/patch_0393.npy,4278
scene01,394,640,2176,data/processed/scene01/images/patch_0394.npy,data/processed/scene01/masks/patch_0394.npy,861
scene01,395,640,2240,data/processed/scene01/images/patch_0395.npy,data/processed/scene01/masks/patch_0395.npy,552
scene01,396,704,0,data/processed/scene01/images/patch_0396.npy,data/processed/scene01/masks/patch_0396.npy,12000
scene01,397,704,64,data/processed/scene01/images/patch_0397.npy,data/processed/scene01/masks/patch_0397.npy,8667
scene01,398,704,128,data/processed/scene01/images/patch_0398.npy,data/processed/scene01/masks/patch_0398.npy,7142
scene01,399,704,192,data/processed/scene01/images/patch_0399.npy,data/processed/scene01/masks/patch_0399.npy,12705
scene01,400,704,256,data/processed/scene01/images/patch_0400.npy,data/processed/scene01/masks/patch_0400.npy,15027
scene01,401,704,320,data/processed/scene01/images/patch_0401.npy,data/processed/scene01/masks/patch_0401.npy,14508
scene01,402,704,384,data/processed/scene01/images/patch_0402.npy,data/processed/scene01/masks/patch_0402.npy,13497
scene01,403,704,448,data/processed/scene01/images/patch_0403.npy,data/processed/scene01/masks/patch_0403.npy,14237
scene01,404,704,512,data/processed/scene01/images/patch_0404.npy,data/processed/scene01/masks/patch_0404.npy,14741
scene01,405,704,576,data/processed/scene01/images/patch_0405.npy,data/processed/scene01/masks/patch_0405.npy,12554
scene01,406,704,640,data/processed/scene01/images/patch_0406.npy,data/processed/scene01/masks/patch_0406.npy,13242
scene01,407,704,704,data/processed/scene01/images/patch_0407.npy,data/processed/scene01/masks/patch_0407.npy,13908
scene01,408,704,768,data/processed/scene01/images/patch_0408.npy,data/processed/scene01/masks/patch_0408.npy,12886
scene01,409,704,832,data/processed/scene01/images/patch_0409.npy,data/processed/scene01/masks/patch_0409.npy,7167
scene01,410,704,896,data/processed/scene01/images/patch_0410.npy,data/processed/scene01/masks/patch_0410.npy,3227
scene01,411,704,960,data/processed/scene01/images/patch_0411.npy,data/processed/scene01/masks/patch_0411.npy,9000
scene01,412,704,1024,data/processed/scene01/images/patch_0412.npy,data/processed/scene01/masks/patch_0412.npy,13910
scene01,413,704,1088,data/processed/scene01/images/patch_0413.npy,data/processed/scene01/masks/patch_0413.npy,14535
scene01,414,704,1152,data/processed/scene01/images/patch_0414.npy,data/processed/scene01/masks/patch_0414.npy,13141
scene01,415,704,1216,data/processed/scene01/images/patch_0415.npy,data/processed/scene01/masks/patch_0415.npy,12741
scene01,416,704,1280,data/processed/scene01/images/patch_0416.npy,data/processed/scene01/masks/patch_0416.npy,12990
scene01,417,704,1344,data/processed/scene01/images/patch_0417.npy,data/processed/scene01/masks/patch_0417.npy,12078
scene01,418,704,1408,data/processed/scene01/images/patch_0418.npy,data/processed/scene01/masks/patch_0418.npy,10776
scene01,419,704,1472,data/processed/scene01/images/patch_0419.npy,data/processed/scene01/masks/patch_0419.npy,10658
scene01,420,704,1536,data/processed/scene01/images/patch_0420.npy,data/processed/scene01/masks/patch_0420.npy,11644
scene01,421,704,1600,data/processed/scene01/images/patch_0421.npy,data/processed/scene01/masks/patch_0421.npy,11191
scene01,422,704,1664,data/processed/scene01/images/patch_0422.npy,data/processed/scene01/masks/patch_0422.npy,10836
scene01,423,704,1728,data/processed/scene01/images/patch_0423.npy,data/processed/scene01/masks/patch_0423.npy,13535
scene01,424,704,1792,data/processed/scene01/images/patch_0424.npy,data/processed/scene01/masks/patch_0424.npy,15786
scene01,425,704,1856,data/processed/scene01/images/patch_0425.npy,data/processed/scene01/masks/patch_0425.npy,14431
scene01,426,704,1920,data/processed/scene01/images/patch_0426.npy,data/processed/scene01/masks/patch_0426.npy,10905
scene01,427,704,1984,data/processed/scene01/images/patch_0427.npy,data/processed/scene01/masks/patch_0427.npy,9203
scene01,428,704,2048,data/processed/scene01/images/patch_0428.npy,data/processed/scene01/masks/patch_0428.npy,8536
scene01,429,704,2112,data/processed/scene01/images/patch_0429.npy,data/processed/scene01/masks/patch_0429.npy,4601
scene01,430,704,2176,data/processed/scene01/images/patch_0430.npy,data/processed/scene01/masks/patch_0430.npy,2591
scene01,431,704,2240,data/processed/scene01/images/patch_0431.npy,data/processed/scene01/masks/patch_0431.npy,4411
scene01,432,768,0,data/processed/scene01/images/patch_0432.npy,data/processed/scene01/masks/patch_0432.npy,11622
scene01,433,768,64,data/processed/scene01/images/patch_0433.npy,data/processed/scene01/masks/patch_0433.npy,9111
scene01,434,768,128,data/processed/scene01/images/patch_0434.npy,data/processed/scene01/masks/patch_0434.npy,7382
scene01,435,768,192,data/processed/scene01/images/patch_0435.npy,data/processed/scene01/masks/patch_0435.npy,11945
scene01,436,768,256,data/processed/scene01/images/patch_0436.npy,data/processed/scene01/masks/patch_0436.npy,15162
scene01,437,768,320,data/processed/scene01/images/patch_0437.npy,data/processed/scene01/masks/patch_0437.npy,14789
scene01,438,768,384,data/processed/scene01/images/patch_0438.npy,data/processed/scene01/masks/patch_0438.npy,13015
scene01,439,768,448,data/processed/scene01/images/patch_0439.npy,data/processed/scene01/masks/patch_0439.npy,13101
scene01,440,768,512,data/processed/scene01/images/patch_0440.npy,data/processed/scene01/masks/patch_0440.npy,14452
scene01,441,768,576,data/processed/scene01/images/patch_0441.npy,data/processed/scene01/masks/patch_0441.npy,12545
scene01,442,768,640,data/processed/scene01/images/patch_0442.npy,data/processed/scene01/masks/patch_0442.npy,12331
scene01,443,768,704,data/processed/scene01/images/patch_0443.npy,data/processed/scene01/masks/patch_0443.npy,13759
scene01,444,768,768,data/processed/scene01/images/patch_0444.npy,data/processed/scene01/masks/patch_0444.npy,14737
scene01,445,768,832,data/processed/scene01/images/patch_0445.npy,data/processed/scene01/masks/patch_0445.npy,11728
scene01,446,768,896,data/processed/scene01/images/patch_0446.npy,data/processed/scene01/masks/patch_0446.npy,7725
scene01,447,768,960,data/processed/scene01/images/patch_0447.npy,data/processed/scene01/masks/patch_0447.npy,10651
scene01,448,768,1024,data/processed/scene01/images/patch_0448.npy,data/processed/scene01/masks/patch_0448.npy,14087
scene01,449,768,1088,data/processed/scene01/images/patch_0449.npy,data/processed/scene01/masks/patch_0449.npy,13840
scene01,450,768,1152,data/processed/scene01/images/patch_0450.npy,data/processed/scene01/masks/patch_0450.npy,13562
scene01,451,768,1216,data/processed/scene01/images/patch_0451.npy,data/processed/scene01/masks/patch_0451.npy,13378
scene01,452,768,1280,data/processed/scene01/images/patch_0452.npy,data/processed/scene01/masks/patch_0452.npy,14052
scene01,453,768,1344,data/processed/scene01/images/patch_0453.npy,data/processed/scene01/masks/patch_0453.npy,14498
scene01,454,768,1408,data/processed/scene01/images/patch_0454.npy,data/processed/scene01/masks/patch_0454.npy,12990
scene01,455,768,1472,data/processed/scene01/images/patch_0455.npy,data/processed/scene01/masks/patch_0455.npy,12367
scene01,456,768,1536,data/processed/scene01/images/patch_0456.npy,data/processed/scene01/masks/patch_0456.npy,14484
scene01,457,768,1600,data/processed/scene01/images/patch_0457.npy,data/processed/scene01/masks/patch_0457.npy,12968
scene01,458,768,1664,data/processed/scene01/images/patch_0458.npy,data/processed/scene01/masks/patch_0458.npy,11623
scene01,459,768,1728,data/processed/scene01/images/patch_0459.npy,data/processed/scene01/masks/patch_0459.npy,14778
scene01,460,768,1792,data/processed/scene01/images/patch_0460.npy,data/processed/scene01/masks/patch_0460.npy,15770
scene01,461,768,1856,data/processed/scene01/images/patch_0461.npy,data/processed/scene01/masks/patch_0461.npy,14370
scene01,462,768,1920,data/processed/scene01/images/patch_0462.npy,data/processed/scene01/masks/patch_0462.npy,9679
scene01,463,768,1984,data/processed/scene01/images/patch_0463.npy,data/processed/scene01/masks/patch_0463.npy,5961
scene01,464,768,2048,data/processed/scene01/images/patch_0464.npy,data/processed/scene01/masks/patch_0464.npy,7924
scene01,465,768,2112,data/processed/scene01/images/patch_0465.npy,data/processed/scene01/masks/patch_0465.npy,8482
scene01,466,768,2176,data/processed/scene01/images/patch_0466.npy,data/processed/scene01/masks/patch_0466.npy,8362
scene01,467,768,2240,data/processed/scene01/images/patch_0467.npy,data/processed/scene01/masks/patch_0467.npy,9195
scene01,468,832,0,data/processed/scene01/images/patch_0468.npy,data/processed/scene01/masks/patch_0468.npy,13589
scene01,469,832,64,data/processed/scene01/images/patch_0469.npy,data/processed/scene01/masks/patch_0469.npy,13158
scene01,470,832,128,data/processed/scene01/images/patch_0470.npy,data/processed/scene01/masks/patch_0470.npy,10375
scene01,471,832,192,data/processed/scene01/images/patch_0471.npy,data/processed/scene01/masks/patch_0471.npy,10164
scene01,472,832,256,data/processed/scene01/images/patch_0472.npy,data/processed/scene01/masks/patch_0472.npy,13425
scene01,473,832,320,data/processed/scene01/images/patch_0473.npy,data/processed/scene01/masks/patch_0473.npy,14808
scene01,474,832,384,data/processed/scene01/images/patch_0474.npy,data/processed/scene01/masks/patch_0474.npy,13699
scene01,475,832,448,data/processed/scene01/images/patch_0475.npy,data/processed/scene01/masks/patch_0475.npy,13768
scene01,476,832,512,data/processed/scene01/images/patch_0476.npy,data/processed/scene01/masks/patch_0476.npy,14542
scene01,477,832,576,data/processed/scene01/images/patch_0477.npy,data/processed/scene01/masks/patch_0477.npy,13629
scene01,478,832,640,data/processed/scene01/images/patch_0478.npy,data/processed/scene01/masks/patch_0478.npy,11555
scene01,479,832,704,data/processed/scene01/images/patch_0479.npy,data/processed/scene01/masks/patch_0479.npy,12386
scene01,480,832,768,data/processed/scene01/images/patch_0480.npy,data/processed/scene01/masks/patch_0480.npy,15369
scene01,481,832,832,data/processed/scene01/images/patch_0481.npy,data/processed/scene01/masks/patch_0481.npy,13279
scene01,482,832,896,data/processed/scene01/images/patch_0482.npy,data/processed/scene01/masks/patch_0482.npy,10914
scene01,483,832,960,data/processed/scene01/images/patch_0483.npy,data/processed/scene01/masks/patch_0483.npy,12869
scene01,484,832,1024,data/processed/scene01/images/patch_0484.npy,data/processed/scene01/masks/patch_0484.npy,14496
scene01,485,832,1088,data/processed/scene01/images/patch_0485.npy,data/processed/scene01/masks/patch_0485.npy,13447
scene01,486,832,1152,data/processed/scene01/images/patch_0486.npy,data/processed/scene01/masks/patch_0486.npy,13228
scene01,487,832,1216,data/processed/scene01/images/patch_0487.npy,data/processed/scene01/masks/patch_0487.npy,13787
scene01,488,832,1280,data/processed/scene01/images/patch_0488.npy,data/processed/scene01/masks/patch_0488.npy,13993
scene01,489,832,1344,data/processed/scene01/images/patch_0489.npy,data/processed/scene01/masks/patch_0489.npy,14631
scene01,490,832,1408,data/processed/scene01/images/patch_0490.npy,data/processed/scene01/masks/patch_0490.npy,15139
scene01,491,832,1472,data/processed/scene01/images/patch_0491.npy,data/processed/scene01/masks/patch_0491.npy,14865
scene01,492,832,1536,data/processed/scene01/images/patch_0492.npy,data/processed/scene01/masks/patch_0492.npy,14659
scene01,493,832,1600,data/processed/scene01/images/patch_0493.npy,data/processed/scene01/masks/patch_0493.npy,12068
scene01,494,832,1664,data/processed/scene01/images/patch_0494.npy,data/processed/scene01/masks/patch_0494.npy,11209
scene01,495,832,1728,data/processed/scene01/images/patch_0495.npy,data/processed/scene01/masks/patch_0495.npy,13339
scene01,496,832,1792,data/processed/scene01/images/patch_0496.npy,data/processed/scene01/masks/patch_0496.npy,12220
scene01,497,832,1856,data/processed/scene01/images/patch_0497.npy,data/processed/scene01/masks/patch_0497.npy,8315
scene01,498,832,1920,data/processed/scene01/images/patch_0498.npy,data/processed/scene01/masks/patch_0498.npy,5329
scene01,499,832,1984,data/processed/scene01/images/patch_0499.npy,data/processed/scene01/masks/patch_0499.npy,4454
scene01,500,832,2048,data/processed/scene01/images/patch_0500.npy,data/processed/scene01/masks/patch_0500.npy,6032
scene01,501,832,2112,data/processed/scene01/images/patch_0501.npy,data/processed/scene01/masks/patch_0501.npy,8682
scene01,502,832,2176,data/processed/scene01/images/patch_0502.npy,data/processed/scene01/masks/patch_0502.npy,10652
scene01,503,832,2240,data/processed/scene01/images/patch_0503.npy,data/processed/scene01/masks/patch_0503.npy,10695
scene01,504,896,0,data/processed/scene01/images/patch_0504.npy,data/processed/scene01/masks/patch_0504.npy,13979
scene01,505,896,64,data/processed/scene01/images/patch_0505.npy,data/processed/scene01/masks/patch_0505.npy,13528
scene01,506,896,128,data/processed/scene01/images/patch_0506.npy,data/processed/scene01/masks/patch_0506.npy,11875
scene01,507,896,192,data/processed/scene01/images/patch_0507.npy,data/processed/scene01/masks/patch_0507.npy,10241
scene01,508,896,256,data/processed/scene01/images/patch_0508.npy,data/processed/scene01/masks/patch_0508.npy,13241
scene01,509,896,320,data/processed/scene01/images/patch_0509.npy,data/processed/scene01/masks/patch_0509.npy,15520
scene01,510,896,384,data/processed/scene01/images/patch_0510.npy,data/processed/scene01/masks/patch_0510.npy,15048
scene01,511,896,448,data/processed/scene01/images/patch_0511.npy,data/processed/scene01/masks/patch_0511.npy,15232
scene01,512,896,512,data/processed/scene01/images/patch_0512.npy,data/processed/scene01/masks/patch_0512.npy,14107
scene01,513,896,576,data/processed/scene01/images/patch_0513.npy,data/processed/scene01/masks/patch_0513.npy,12951
scene01,514,896,640,data/processed/scene01/images/patch_0514.npy,data/processed/scene01/masks/patch_0514.npy,12306
scene01,515,896,704,data/processed/scene01/images/patch_0515.npy,data/processed/scene01/masks/patch_0515.npy,11691
scene01,516,896,768,data/processed/scene01/images/patch_0516.npy,data/processed/scene01/masks/patch_0516.npy,13773
scene01,517,896,832,data/processed/scene01/images/patch_0517.npy,data/processed/scene01/masks/patch_0517.npy,13086
scene01,518,896,896,data/processed/scene01/images/patch_0518.npy,data/processed/scene01/masks/patch_0518.npy,11130
scene01,519,896,960,data/processed/scene01/images/patch_0519.npy,data/processed/scene01/masks/patch_0519.npy,12730
scene01,520,896,1024,data/processed/scene01/images/patch_0520.npy,data/processed/scene01/masks/patch_0520.npy,14040
scene01,521,896,1088,data/processed/scene01/images/patch_0521.npy,data/processed/scene01/masks/patch_0521.npy,14196
scene01,522,896,1152,data/processed/scene01/images/patch_0522.npy,data/processed/scene01/masks/patch_0522.npy,13751
scene01,523,896,1216,data/processed/scene01/images/patch_0523.npy,data/processed/scene01/masks/patch_0523.npy,13836
scene01,524,896,1280,data/processed/scene01/images/patch_0524.npy,data/processed/scene01/masks/patch_0524.npy,13624
scene01,525,896,1344,data/processed/scene01/images/patch_0525.npy,data/processed/scene01/masks/patch_0525.npy,13731
scene01,526,896,1408,data/processed/scene01/images/patch_0526.npy,data/processed/scene01/masks/patch_0526.npy,14993
scene01,527,896,1472,data/processed/scene01/images/patch_0527.npy,data/processed/scene01/masks/patch_0527.npy,14183
scene01,528,896,1536,data/processed/scene01/images/patch_0528.npy,data/processed/scene01/masks/patch_0528.npy,10610
scene01,529,896,1600,data/processed/scene01/images/patch_0529.npy,data/processed/scene01/masks/patch_0529.npy,10181
scene01,530,896,1664,data/processed/scene01/images/patch_0530.npy,data/processed/scene01/masks/patch_0530.npy,12611
scene01,531,896,1728,data/processed/scene01/images/patch_0531.npy,data/processed/scene01/masks/patch_0531.npy,13268
scene01,532,896,1792,data/processed/scene01/images/patch_0532.npy,data/processed/scene01/masks/patch_0532.npy,11959
scene01,533,896,1856,data/processed/scene01/images/patch_0533.npy,data/processed/scene01/masks/patch_0533.npy,7180
scene01,534,896,1920,data/processed/scene01/images/patch_0534.npy,data/processed/scene01/masks/patch_0534.npy,4628
scene01,535,896,1984,data/processed/scene01/images/patch_0535.npy,data/processed/scene01/masks/patch_0535.npy,6186
scene01,536,896,2048,data/processed/scene01/images/patch_0536.npy,data/processed/scene01/masks/patch_0536.npy,8590
scene01,537,896,2112,data/processed/scene01/images/patch_0537.npy,data/processed/scene01/masks/patch_0537.npy,9771
scene01,538,896,2176,data/processed/scene01/images/patch_0538.npy,data/processed/scene01/masks/patch_0538.npy,9413
scene01,539,896,2240,data/processed/scene01/images/patch_0539.npy,data/processed/scene01/masks/patch_0539.npy,9554
scene01,540,960,0,data/processed/scene01/images/patch_0540.npy,data/processed/scene01/masks/patch_0540.npy,13588
scene01,541,960,64,data/processed/scene01/images/patch_0541.npy,data/processed/scene01/masks/patch_0541.npy,12189
scene01,542,960,128,data/processed/scene01/images/patch_0542.npy,data/processed/scene01/masks/patch_0542.npy,10466
scene01,543,960,192,data/processed/scene01/images/patch_0543.npy,data/processed/scene01/masks/patch_0543.npy,11524
scene01,544,960,256,data/processed/scene01/images/patch_0544.npy,data/processed/scene01/masks/patch_0544.npy,14705
scene01,545,960,320,data/processed/scene01/images/patch_0545.npy,data/processed/scene01/masks/patch_0545.npy,15629
scene01,546,960,384,data/processed/scene01/images/patch_0546.npy,data/processed/scene01/masks/patch_0546.npy,15147
scene01,547,960,448,data/processed/scene01/images/patch_0547.npy,data/processed/scene01/masks/patch_0547.npy,15139
scene01,548,960,512,data/processed/scene01/images/patch_0548.npy,data/processed/scene01/masks/patch_0548.npy,15040
scene01,549,960,576,data/processed/scene01/images/patch_0549.npy,data/processed/scene01/masks/patch_0549.npy,14148
scene01,550,960,640,data/processed/scene01/images/patch_0550.npy,data/processed/scene01/masks/patch_0550.npy,12869
scene01,551,960,704,data/processed/scene01/images/patch_0551.npy,data/processed/scene01/masks/patch_0551.npy,11987
scene01,552,960,768,data/processed/scene01/images/patch_0552.npy,data/processed/scene01/masks/patch_0552.npy,13701
scene01,553,960,832,data/processed/scene01/images/patch_0553.npy,data/processed/scene01/masks/patch_0553.npy,14180
scene01,554,960,896,data/processed/scene01/images/patch_0554.npy,data/processed/scene01/masks/patch_0554.npy,12366
scene01,555,960,960,data/processed/scene01/images/patch_0555.npy,data/processed/scene01/masks/patch_0555.npy,11592
scene01,556,960,1024,data/processed/scene01/images/patch_0556.npy,data/processed/scene01/masks/patch_0556.npy,12794
scene01,557,960,1088,data/processed/scene01/images/patch_0557.npy,data/processed/scene01/masks/patch_0557.npy,14717
scene01,558,960,1152,data/processed/scene01/images/patch_0558.npy,data/processed/scene01/masks/patch_0558.npy,14907
scene01,559,960,1216,data/processed/scene01/images/patch_0559.npy,data/processed/scene01/masks/patch_0559.npy,14852
scene01,560,960,1280,data/processed/scene01/images/patch_0560.npy,data/processed/scene01/masks/patch_0560.npy,14612
scene01,561,960,1344,data/processed/scene01/images/patch_0561.npy,data/processed/scene01/masks/patch_0561.npy,13685
scene01,562,960,1408,data/processed/scene01/images/patch_0562.npy,data/processed/scene01/masks/patch_0562.npy,13689
scene01,563,960,1472,data/processed/scene01/images/patch_0563.npy,data/processed/scene01/masks/patch_0563.npy,13185
scene01,564,960,1536,data/processed/scene01/images/patch_0564.npy,data/processed/scene01/masks/patch_0564.npy,10820
scene01,565,960,1600,data/processed/scene01/images/patch_0565.npy,data/processed/scene01/masks/patch_0565.npy,11803
scene01,566,960,1664,data/processed/scene01/images/patch_0566.npy,data/processed/scene01/masks/patch_0566.npy,14944
scene01,567,960,1728,data/processed/scene01/images/patch_0567.npy,data/processed/scene01/masks/patch_0567.npy,15099
scene01,568,960,1792,data/processed/scene01/images/patch_0568.npy,data/processed/scene01/masks/patch_0568.npy,14560
scene01,569,960,1856,data/processed/scene01/images/patch_0569.npy,data/processed/scene01/masks/patch_0569.npy,12625
scene01,570,960,1920,data/processed/scene01/images/patch_0570.npy,data/processed/scene01/masks/patch_0570.npy,8851
scene01,571,960,1984,data/processed/scene01/images/patch_0571.npy,data/processed/scene01/masks/patch_0571.npy,8792
scene01,572,960,2048,data/processed/scene01/images/patch_0572.npy,data/processed/scene01/masks/patch_0572.npy,11191
scene01,573,960,2112,data/processed/scene01/images/patch_0573.npy,data/processed/scene01/masks/patch_0573.npy,10215
scene01,574,960,2176,data/processed/scene01/images/patch_0574.npy,data/processed/scene01/masks/patch_0574.npy,7988
scene01,575,960,2240,data/processed/scene01/images/patch_0575.npy,data/processed/scene01/masks/patch_0575.npy,6846
scene01,576,1024,0,data/processed/scene01/images/patch_0576.npy,data/processed/scene01/masks/patch_0576.npy,14615
scene01,577,1024,64,data/processed/scene01/images/patch_0577.npy,data/processed/scene01/masks/patch_0577.npy,12239
scene01,578,1024,128,data/processed/scene01/images/patch_0578.npy,data/processed/scene01/masks/patch_0578.npy,10983
scene01,579,1024,192,data/processed/scene01/images/patch_0579.npy,data/processed/scene01/masks/patch_0579.npy,13938
scene01,580,1024,256,data/processed/scene01/images/patch_0580.npy,data/processed/scene01/masks/patch_0580.npy,15359
scene01,581,1024,320,data/processed/scene01/images/patch_0581.npy,data/processed/scene01/masks/patch_0581.npy,15218
scene01,582,1024,384,data/processed/scene01/images/patch_0582.npy,data/processed/scene01/masks/patch_0582.npy,15041
scene01,583,1024,448,data/processed/scene01/images/patch_0583.npy,data/processed/scene01/masks/patch_0583.npy,14560
scene01,584,1024,512,data/processed/scene01/images/patch_0584.npy,data/processed/scene01/masks/patch_0584.npy,15605
scene01,585,1024,576,data/processed/scene01/images/patch_0585.npy,data/processed/scene01/masks/patch_0585.npy,15818
scene01,586,1024,640,data/processed/scene01/images/patch_0586.npy,data/processed/scene01/masks/patch_0586.npy,12198
scene01,587,1024,704,data/processed/scene01/images/patch_0587.npy,data/processed/scene01/masks/patch_0587.npy,10990
scene01,588,1024,768,data/processed/scene01/images/patch_0588.npy,data/processed/scene01/masks/patch_0588.npy,14027
scene01,589,1024,832,data/processed/scene01/images/patch_0589.npy,data/processed/scene01/masks/patch_0589.npy,12540
scene01,590,1024,896,data/processed/scene01/images/patch_0590.npy,data/processed/scene01/masks/patch_0590.npy,10762
scene01,591,1024,960,data/processed/scene01/images/patch_0591.npy,data/processed/scene01/masks/patch_0591.npy,12118
scene01,592,1024,1024,data/processed/scene01/images/patch_0592.npy,data/processed/scene01/masks/patch_0592.npy,13656
scene01,593,1024,1088,data/processed/scene01/images/patch_0593.npy,data/processed/scene01/masks/patch_0593.npy,13707
scene01,594,1024,1152,data/processed/scene01/images/patch_0594.npy,data/processed/scene01/masks/patch_0594.npy,13158
scene01,595,1024,1216,data/processed/scene01/images/patch_0595.npy,data/processed/scene01/masks/patch_0595.npy,14543
scene01,596,1024,1280,data/processed/scene01/images/patch_0596.npy,data/processed/scene01/masks/patch_0596.npy,15285
scene01,597,1024,1344,data/processed/scene01/images/patch_0597.npy,data/processed/scene01/masks/patch_0597.npy,14929
scene01,598,1024,1408,data/processed/scene01/images/patch_0598.npy,data/processed/scene01/masks/patch_0598.npy,14346
scene01,599,1024,1472,data/processed/scene01/images/patch_0599.npy,data/processed/scene01/masks/patch_0599.npy,14508
scene01,600,1024,1536,data/processed/scene01/images/patch_0600.npy,data/processed/scene01/masks/patch_0600.npy,14168
scene01,601,1024,1600,data/processed/scene01/images/patch_0601.npy,data/processed/scene01/masks/patch_0601.npy,14224
scene01,602,1024,1664,data/processed/scene01/images/patch_0602.npy,data/processed/scene01/masks/patch_0602.npy,15525
scene01,603,1024,1728,data/processed/scene01/images/patch_0603.npy,data/processed/scene01/masks/patch_0603.npy,15147
scene01,604,1024,1792,data/processed/scene01/images/patch_0604.npy,data/processed/scene01/masks/patch_0604.npy,13998
scene01,605,1024,1856,data/processed/scene01/images/patch_0605.npy,data/processed/scene01/masks/patch_0605.npy,12091
scene01,606,1024,1920,data/processed/scene01/images/patch_0606.npy,data/processed/scene01/masks/patch_0606.npy,8339
scene01,607,1024,1984,data/processed/scene01/images/patch_0607.npy,data/processed/scene01/masks/patch_0607.npy,5987
scene01,608,1024,2048,data/processed/scene01/images/patch_0608.npy,data/processed/scene01/masks/patch_0608.npy,4993
scene01,609,1024,2112,data/processed/scene01/images/patch_0609.npy,data/processed/scene01/masks/patch_0609.npy,4364
scene01,610,1024,2176,data/processed/scene01/images/patch_0610.npy,data/processed/scene01/masks/patch_0610.npy,7165
scene01,611,1024,2240,data/processed/scene01/images/patch_0611.npy,data/processed/scene01/masks/patch_0611.npy,6712
scene01,612,1088,0,data/processed/scene01/images/patch_0612.npy,data/processed/scene01/masks/patch_0612.npy,13609
scene01,613,1088,64,data/processed/scene01/images/patch_0613.npy,data/processed/scene01/masks/patch_0613.npy,10630
scene01,614,1088,128,data/processed/scene01/images/patch_0614.npy,data/processed/scene01/masks/patch_0614.npy,11557
scene01,615,1088,192,data/processed/scene01/images/patch_0615.npy,data/processed/scene01/masks/patch_0615.npy,15110
scene01,616,1088,256,data/processed/scene01/images/patch_0616.npy,data/processed/scene01/masks/patch_0616.npy,15522
scene01,617,1088,320,data/processed/scene01/images/patch_0617.npy,data/processed/scene01/masks/patch_0617.npy,15335
scene01,618,1088,384,data/processed/scene01/images/patch_0618.npy,data/processed/scene01/masks/patch_0618.npy,15227
scene01,619,1088,448,data/processed/scene01/images/patch_0619.npy,data/processed/scene01/masks/patch_0619.npy,14488
scene01,620,1088,512,data/processed/scene01/images/patch_0620.npy,data/processed/scene01/masks/patch_0620.npy,14992
scene01,621,1088,576,data/processed/scene01/images/patch_0621.npy,data/processed/scene01/masks/patch_0621.npy,15711
scene01,622,1088,640,data/processed/scene01/images/patch_0622.npy,data/processed/scene01/masks/patch_0622.npy,11878
scene01,623,1088,704,data/processed/scene01/images/patch_0623.npy,data/processed/scene01/masks/patch_0623.npy,10100
scene01,624,1088,768,data/processed/scene01/images/patch_0624.npy,data/processed/scene01/masks/patch_0624.npy,12464
scene01,625,1088,832,data/processed/scene01/images/patch_0625.npy,data/processed/scene01/masks/patch_0625.npy,10828
scene01,626,1088,896,data/processed/scene01/images/patch_0626.npy,data/processed/scene01/masks/patch_0626.npy,7023
scene01,627,1088,960,data/processed/scene01/images/patch_0627.npy,data/processed/scene01/masks/patch_0627.npy,7629
scene01,628,1088,1024,data/processed/scene01/images/patch_0628.npy,data/processed/scene01/masks/patch_0628.npy,10399
scene01,629,1088,1088,data/processed/scene01/images/patch_0629.npy,data/processed/scene01/masks/patch_0629.npy,8138
scene01,630,1088,1152,data/processed/scene01/images/patch_0630.npy,data/processed/scene01/masks/patch_0630.npy,7029
scene01,631,1088,1216,data/processed/scene01/images/patch_0631.npy,data/processed/scene01/masks/patch_0631.npy,11713
scene01,632,1088,1280,data/processed/scene01/images/patch_0632.npy,data/processed/scene01/masks/patch_0632.npy,14121
scene01,633,1088,1344,data/processed/scene01/images/patch_0633.npy,data/processed/scene01/masks/patch_0633.npy,14540
scene01,634,1088,1408,data/processed/scene01/images/patch_0634.npy,data/processed/scene01/masks/patch_0634.npy,15696
scene01,635,1088,1472,data/processed/scene01/images/patch_0635.npy,data/processed/scene01/masks/patch_0635.npy,15280
scene01,636,1088,1536,data/processed/scene01/images/patch_0636.npy,data/processed/scene01/masks/patch_0636.npy,13754
scene01,637,1088,1600,data/processed/scene01/images/patch_0637.npy,data/processed/scene01/masks/patch_0637.npy,14189
scene01,638,1088,1664,data/processed/scene01/images/patch_0638.npy,data/processed/scene01/masks/patch_0638.npy,15890
scene01,639,1088,1728,data/processed/scene01/images/patch_0639.npy,data/processed/scene01/masks/patch_0639.npy,15792
scene01,640,1088,1792,data/processed/scene01/images/patch_0640.npy,data/processed/scene01/masks/patch_0640.npy,14561
scene01,641,1088,1856,data/processed/scene01/images/patch_0641.npy,data/processed/scene01/masks/patch_0641.npy,9756
scene01,642,1088,1920,data/processed/scene01/images/patch_0642.npy,data/processed/scene01/masks/patch_0642.npy,4843
scene01,643,1088,1984,data/processed/scene01/images/patch_0643.npy,data/processed/scene01/masks/patch_0643.npy,3121
scene01,644,1088,2048,data/processed/scene01/images/patch_0644.npy,data/processed/scene01/masks/patch_0644.npy,1223
scene01,645,1088,2112,data/processed/scene01/images/patch_0645.npy,data/processed/scene01/masks/patch_0645.npy,845
scene01,646,1088,2176,data/processed/scene01/images/patch_0646.npy,data/processed/scene01/masks/patch_0646.npy,5891
scene01,647,1088,2240,data/processed/scene01/images/patch_0647.npy,data/processed/scene01/masks/patch_0647.npy,6197
scene01,648,1152,0,data/processed/scene01/images/patch_0648.npy,data/processed/scene01/masks/patch_0648.npy,12860
scene01,649,1152,64,data/processed/scene01/images/patch_0649.npy,data/processed/scene01/masks/patch_0649.npy,10736
scene01,650,1152,128,data/processed/scene01/images/patch_0650.npy,data/processed/scene01/masks/patch_0650.npy,11441
scene01,651,1152,192,data/processed/scene01/images/patch_0651.npy,data/processed/scene01/masks/patch_0651.npy,14772
scene01,652,1152,256,data/processed/scene01/images/patch_0652.npy,data/processed/scene01/masks/patch_0652.npy,14294
scene01,653,1152,320,data/processed/scene01/images/patch_0653.npy,data/processed/scene01/masks/patch_0653.npy,14512
scene01,654,1152,384,data/processed/scene01/images/patch_0654.npy,data/processed/scene01/masks/patch_0654.npy,15393
scene01,655,1152,448,data/processed/scene01/images/patch_0655.npy,data/processed/scene01/masks/patch_0655.npy,14678
scene01,656,1152,512,data/processed/scene01/images/patch_0656.npy,data/processed/scene01/masks/patch_0656.npy,14711
scene01,657,1152,576,data/processed/scene01/images/patch_0657.npy,data/processed/scene01/masks/patch_0657.npy,15534
scene01,658,1152,640,data/processed/scene01/images/patch_0658.npy,data/processed/scene01/masks/patch_0658.npy,13562
scene01,659,1152,704,data/processed/scene01/images/patch_0659.npy,data/processed/scene01/masks/patch_0659.npy,12803
scene01,660,1152,768,data/processed/scene01/images/patch_0660.npy,data/processed/scene01/masks/patch_0660.npy,13644
scene01,661,1152,832,data/processed/scene01/images/patch_0661.npy,data/processed/scene01/masks/patch_0661.npy,11188
scene01,662,1152,896,data/processed/scene01/images/patch_0662.npy,data/processed/scene01/masks/patch_0662.npy,4964
scene01,663,1152,960,data/processed/scene01/images/patch_0663.npy,data/processed/scene01/masks/patch_0663.npy,1609
scene01,664,1152,1024,data/processed/scene01/images/patch_0664.npy,data/processed/scene01/masks/patch_0664.npy,2905
scene01,665,1152,1088,data/processed/scene01/images/patch_0665.npy,data/processed/scene01/masks/patch_0665.npy,1896
scene01,666,1152,1152,data/processed/scene01/images/patch_0666.npy,data/processed/scene01/masks/patch_0666.npy,1753
scene01,667,1152,1216,data/processed/scene01/images/patch_0667.npy,data/processed/scene01/masks/patch_0667.npy,7184
scene01,668,1152,1280,data/processed/scene01/images/patch_0668.npy,data/processed/scene01/masks/patch_0668.npy,12165
scene01,669,1152,1344,data/processed/scene01/images/patch_0669.npy,data/processed/scene01/masks/patch_0669.npy,13717
scene01,670,1152,1408,data/processed/scene01/images/patch_0670.npy,data/processed/scene01/masks/patch_0670.npy,14723
scene01,671,1152,1472,data/processed/scene01/images/patch_0671.npy,data/processed/scene01/masks/patch_0671.npy,14053
scene01,672,1152,1536,data/processed/scene01/images/patch_0672.npy,data/processed/scene01/masks/patch_0672.npy,14104
scene01,673,1152,1600,data/processed/scene01/images/patch_0673.npy,data/processed/scene01/masks/patch_0673.npy,15032
scene01,674,1152,1664,data/processed/scene01/images/patch_0674.npy,data/processed/scene01/masks/patch_0674.npy,15700
scene01,675,1152,1728,data/processed/scene01/images/patch_0675.npy,data/processed/scene01/masks/patch_0675.npy,15376
scene01,676,1152,1792,data/processed/scene01/images/patch_0676.npy,data/processed/scene01/masks/patch_0676.npy,13114
scene01,677,1152,1856,data/processed/scene01/images/patch_0677.npy,data/processed/scene01/masks/patch_0677.npy,6976
scene01,678,1152,1920,data/processed/scene01/images/patch_0678.npy,data/processed/scene01/masks/patch_0678.npy,1286
scene01,679,1152,1984,data/processed/scene01/images/patch_0679.npy,data/processed/scene01/masks/patch_0679.npy,508
scene01,680,1152,2048,data/processed/scene01/images/patch_0680.npy,data/processed/scene01/masks/patch_0680.npy,317
scene01,681,1152,2112,data/processed/scene01/images/patch_0681.npy,data/processed/scene01/masks/patch_0681.npy,341
scene01,682,1152,2176,data/processed/scene01/images/patch_0682.npy,data/processed/scene01/masks/patch_0682.npy,2182
scene01,683,1152,2240,data/processed/scene01/images/patch_0683.npy,data/processed/scene01/masks/patch_0683.npy,2574
scene01,684,1216,0,data/processed/scene01/images/patch_0684.npy,data/processed/scene01/masks/patch_0684.npy,13278
scene01,685,1216,64,data/processed/scene01/images/patch_0685.npy,data/processed/scene01/masks/patch_0685.npy,11640
scene01,686,1216,128,data/processed/scene01/images/patch_0686.npy,data/processed/scene01/masks/patch_0686.npy,11293
scene01,687,1216,192,data/processed/scene01/images/patch_0687.npy,data/processed/scene01/masks/patch_0687.npy,14087
scene01,688,1216,256,data/processed/scene01/images/patch_0688.npy,data/processed/scene01/masks/patch_0688.npy,14214
scene01,689,1216,320,data/processed/scene01/images/patch_0689.npy,data/processed/scene01/masks/patch_0689.npy,14316
scene01,690,1216,384,data/processed/scene01/images/patch_0690.npy,data/processed/scene01/masks/patch_0690.npy,15342
scene01,691,1216,448,data/processed/scene01/images/patch_0691.npy,data/processed/scene01/masks/patch_0691.npy,14946
scene01,692,1216,512,data/processed/scene01/images/patch_0692.npy,data/processed/scene01/masks/patch_0692.npy,14471
scene01,693,1216,576,data/processed/scene01/images/patch_0693.npy,data/processed/scene01/masks/patch_0693.npy,15185
scene01,694,1216,640,data/processed/scene01/images/patch_0694.npy,data/processed/scene01/masks/patch_0694.npy,15833
scene01,695,1216,704,data/processed/scene01/images/patch_0695.npy,data/processed/scene01/masks/patch_0695.npy,15108
scene01,696,1216,768,data/processed/scene01/images/patch_0696.npy,data/processed/scene01/masks/patch_0696.npy,12053
scene01,697,1216,832,data/processed/scene01/images/patch_0697.npy,data/processed/scene01/masks/patch_0697.npy,8447
scene01,698,1216,896,data/processed/scene01/images/patch_0698.npy,data/processed/scene01/masks/patch_0698.npy,5669
scene01,699,1216,960,data/processed/scene01/images/patch_0699.npy,data/processed/scene01/masks/patch_0699.npy,2221
scene01,700,1216,1024,data/processed/scene01/images/patch_0700.npy,data/processed/scene01/masks/patch_0700.npy,304
scene01,701,1216,1088,data/processed/scene01/images/patch_0701.npy,data/processed/scene01/masks/patch_0701.npy,23
scene01,702,1216,1152,data/processed/scene01/images/patch_0702.npy,data/processed/scene01/masks/patch_0702.npy,298
scene01,703,1216,1216,data/processed/scene01/images/patch_0703.npy,data/processed/scene01/masks/patch_0703.npy,3703
scene01,704,1216,1280,data/processed/scene01/images/patch_0704.npy,data/processed/scene01/masks/patch_0704.npy,10806
scene01,705,1216,1344,data/processed/scene01/images/patch_0705.npy,data/processed/scene01/masks/patch_0705.npy,15051
scene01,706,1216,1408,data/processed/scene01/images/patch_0706.npy,data/processed/scene01/masks/patch_0706.npy,15035
scene01,707,1216,1472,data/processed/scene01/images/patch_0707.npy,data/processed/scene01/masks/patch_0707.npy,14142
scene01,708,1216,1536,data/processed/scene01/images/patch_0708.npy,data/processed/scene01/masks/patch_0708.npy,14616
scene01,709,1216,1600,data/processed/scene01/images/patch_0709.npy,data/processed/scene01/masks/patch_0709.npy,14981
scene01,710,1216,1664,data/processed/scene01/images/patch_0710.npy,data/processed/scene01/masks/patch_0710.npy,13960
scene01,711,1216,1728,data/processed/scene01/images/patch_0711.npy,data/processed/scene01/masks/patch_0711.npy,10534
scene01,712,1216,1792,data/processed/scene01/images/patch_0712.npy,data/processed/scene01/masks/patch_0712.npy,6005
scene01,713,1216,1856,data/processed/scene01/images/patch_0713.npy,data/processed/scene01/masks/patch_0713.npy,2340
scene01,714,1216,1920,data/processed/scene01/images/patch_0714.npy,data/processed/scene01/masks/patch_0714.npy,31
scene01,715,1216,1984,data/processed/scene01/images/patch_0715.npy,data/processed/scene01/masks/patch_0715.npy,0
scene01,716,1216,2048,data/processed/scene01/images/patch_0716.npy,data/processed/scene01/masks/patch_0716.npy,0
scene01,717,1216,2112,data/processed/scene01/images/patch_0717.npy,data/processed/scene01/masks/patch_0717.npy,0
scene01,718,1216,2176,data/processed/scene01/images/patch_0718.npy,data/processed/scene01/masks/patch_0718.npy,0
scene01,719,1216,2240,data/processed/scene01/images/patch_0719.npy,data/processed/scene01/masks/patch_0719.npy,21
scene01,720,1280,0,data/processed/scene01/images/patch_0720.npy,data/processed/scene01/masks/patch_0720.npy,14613
scene01,721,1280,64,data/processed/scene01/images/patch_0721.npy,data/processed/scene01/masks/patch_0721.npy,13526
scene01,722,1280,128,data/processed/scene01/images/patch_0722.npy,data/processed/scene01/masks/patch_0722.npy,10767
scene01,723,1280,192,data/processed/scene01/images/patch_0723.npy,data/processed/scene01/masks/patch_0723.npy,12192
scene01,724,1280,256,data/processed/scene01/images/patch_0724.npy,data/processed/scene01/masks/patch_0724.npy,14255
scene01,725,1280,320,data/processed/scene01/images/patch_0725.npy,data/processed/scene01/masks/patch_0725.npy,14095
scene01,726,1280,384,data/processed/scene01/images/patch_0726.npy,data/processed/scene01/masks/patch_0726.npy,14780
scene01,727,1280,448,data/processed/scene01/images/patch_0727.npy,data/processed/scene01/masks/patch_0727.npy,13315
scene01,728,1280,512,data/processed/scene01/images/patch_0728.npy,data/processed/scene01/masks/patch_0728.npy,10799
scene01,729,1280,576,data/processed/scene01/images/patch_0729.npy,data/processed/scene01/masks/patch_0729.npy,8769
scene01,730,1280,640,data/processed/scene01/images/patch_0730.npy,data/processed/scene01/masks/patch_0730.npy,9255
scene01,731,1280,704,data/processed/scene01/images/patch_0731.npy,data/processed/scene01/masks/patch_0731.npy,12208
scene01,732,1280,768,data/processed/scene01/images/patch_0732.npy,data/processed/scene01/masks/patch_0732.npy,11540
scene01,733,1280,832,data/processed/scene01/images/patch_0733.npy,data/processed/scene01/masks/patch_0733.npy,9384
scene01,734,1280,896,data/processed/scene01/images/patch_0734.npy,data/processed/scene01/masks/patch_0734.npy,8974
scene01,735,1280,960,data/processed/scene01/images/patch_0735.npy,data/processed/scene01/masks/patch_0735.npy,5227
scene01,736,1280,1024,data/processed/scene01/images/patch_0736.npy,data/processed/scene01/masks/patch_0736.npy,1261
scene01,737,1280,1088,data/processed/scene01/images/patch_0737.npy,data/processed/scene01/masks/patch_0737.npy,65
scene01,738,1280,1152,data/processed/scene01/images/patch_0738.npy,data/processed/scene01/masks/patch_0738.npy,4
scene01,739,1280,1216,data/processed/scene01/images/patch_0739.npy,data/processed/scene01/masks/patch_0739.npy,1961
scene01,740,1280,1280,data/processed/scene01/images/patch_0740.npy,data/processed/scene01/masks/patch_0740.npy,9910
scene01,741,1280,1344,data/processed/scene01/images/patch_0741.npy,data/processed/scene01/masks/patch_0741.npy,15927
scene01,742,1280,1408,data/processed/scene01/images/patch_0742.npy,data/processed/scene01/masks/patch_0742.npy,15418
scene01,743,1280,1472,data/processed/scene01/images/patch_0743.npy,data/processed/scene01/masks/patch_0743.npy,15072
scene01,744,1280,1536,data/processed/scene01/images/patch_0744.npy,data/processed/scene01/masks/patch_0744.npy,15503
scene01,745,1280,1600,data/processed/scene01/images/patch_0745.npy,data/processed/scene01/masks/patch_0745.npy,14080
scene01,746,1280,1664,data/processed/scene01/images/patch_0746.npy,data/processed/scene01/masks/patch_0746.npy,11467
scene01,747,1280,1728,data/processed/scene01/images/patch_0747.npy,data/processed/scene01/masks/patch_0747.npy,6648
scene01,748,1280,1792,data/processed/scene01/images/patch_0748.npy,data/processed/scene01/masks/patch_0748.npy,1398
scene01,749,1280,1856,data/processed/scene01/images/patch_0749.npy,data/processed/scene01/masks/patch_0749.npy,75
scene01,750,1280,1920,data/processed/scene01/images/patch_0750.npy,data/processed/scene01/masks/patch_0750.npy,63
scene01,751,1280,1984,data/processed/scene01/images/patch_0751.npy,data/processed/scene01/masks/patch_0751.npy,0
scene01,752,1280,2048,data/processed/scene01/images/patch_0752.npy,data/processed/scene01/masks/patch_0752.npy,0
scene01,753,1280,2112,data/processed/scene01/images/patch_0753.npy,data/processed/scene01/masks/patch_0753.npy,0
scene01,754,1280,2176,data/processed/scene01/images/patch_0754.npy,data/processed/scene01/masks/patch_0754.npy,0
scene01,755,1280,2240,data/processed/scene01/images/patch_0755.npy,data/processed/scene01/masks/patch_0755.npy,0
scene01,756,1344,0,data/processed/scene01/images/patch_0756.npy,data/processed/scene01/masks/patch_0756.npy,15677
scene01,757,1344,64,data/processed/scene01/images/patch_0757.npy,data/processed/scene01/masks/patch_0757.npy,15545
scene01,758,1344,128,data/processed/scene01/images/patch_0758.npy,data/processed/scene01/masks/patch_0758.npy,10946
scene01,759,1344,192,data/processed/scene01/images/patch_0759.npy,data/processed/scene01/masks/patch_0759.npy,7340
scene01,760,1344,256,data/processed/scene01/images/patch_0760.npy,data/processed/scene01/masks/patch_0760.npy,7677
scene01,761,1344,320,data/processed/scene01/images/patch_0761.npy,data/processed/scene01/masks/patch_0761.npy,9049
scene01,762,1344,384,data/processed/scene01/images/patch_0762.npy,data/processed/scene01/masks/patch_0762.npy,11109
scene01,763,1344,448,data/processed/scene01/images/patch_0763.npy,data/processed/scene01/masks/patch_0763.npy,11262
scene01,764,1344,512,data/processed/scene01/images/patch_0764.npy,data/processed/scene01/masks/patch_0764.npy,7794
scene01,765,1344,576,data/processed/scene01/images/patch_0765.npy,data/processed/scene01/masks/patch_0765.npy,2637
scene01,766,1344,640,data/processed/scene01/images/patch_0766.npy,data/processed/scene01/masks/patch_0766.npy,2854
scene01,767,1344,704,data/processed/scene01/images/patch_0767.npy,data/processed/scene01/masks/patch_0767.npy,8107
scene01,768,1344,768,data/processed/scene01/images/patch_0768.npy,data/processed/scene01/masks/patch_0768.npy,13205
scene01,769,1344,832,data/processed/scene01/images/patch_0769.npy,data/processed/scene01/masks/patch_0769.npy,14055
scene01,770,1344,896,data/processed/scene01/images/patch_0770.npy,data/processed/scene01/masks/patch_0770.npy,10544
scene01,771,1344,960,data/processed/scene01/images/patch_0771.npy,data/processed/scene01/masks/patch_0771.npy,6355
scene01,772,1344,1024,data/processed/scene01/images/patch_0772.npy,data/processed/scene01/masks/patch_0772.npy,5103
scene01,773,1344,1088,data/processed/scene01/images/patch_0773.npy,data/processed/scene01/masks/patch_0773.npy,2969
scene01,774,1344,1152,data/processed/scene01/images/patch_0774.npy,data/processed/scene01/masks/patch_0774.npy,374
scene01,775,1344,1216,data/processed/scene01/images/patch_0775.npy,data/processed/scene01/masks/patch_0775.npy,1759
scene01,776,1344,1280,data/processed/scene01/images/patch_0776.npy,data/processed/scene01/masks/patch_0776.npy,7901
scene01,777,1344,1344,data/processed/scene01/images/patch_0777.npy,data/processed/scene01/masks/patch_0777.npy,13920
scene01,778,1344,1408,data/processed/scene01/images/patch_0778.npy,data/processed/scene01/masks/patch_0778.npy,14794
scene01,779,1344,1472,data/processed/scene01/images/patch_0779.npy,data/processed/scene01/masks/patch_0779.npy,14684
scene01,780,1344,1536,data/processed/scene01/images/patch_0780.npy,data/processed/scene01/masks/patch_0780.npy,15510
scene01,781,1344,1600,data/processed/scene01/images/patch_0781.npy,data/processed/scene01/masks/patch_0781.npy,14511
scene01,782,1344,1664,data/processed/scene01/images/patch_0782.npy,data/processed/scene01/masks/patch_0782.npy,12270
scene01,783,1344,1728,data/processed/scene01/images/patch_0783.npy,data/processed/scene01/masks/patch_0783.npy,7169
scene01,784,1344,1792,data/processed/scene01/images/patch_0784.npy,data/processed/scene01/masks/patch_0784.npy,1474
scene01,785,1344,1856,data/processed/scene01/images/patch_0785.npy,data/processed/scene01/masks/patch_0785.npy,75
scene01,786,1344,1920,data/processed/scene01/images/patch_0786.npy,data/processed/scene01/masks/patch_0786.npy,63
scene01,787,1344,1984,data/processed/scene01/images/patch_0787.npy,data/processed/scene01/masks/patch_0787.npy,0
scene01,788,1344,2048,data/processed/scene01/images/patch_0788.npy,data/processed/scene01/masks/patch_0788.npy,0
scene01,789,1344,2112,data/processed/scene01/images/patch_0789.npy,data/processed/scene01/masks/patch_0789.npy,0
scene01,790,1344,2176,data/processed/scene01/images/patch_0790.npy,data/processed/scene01/masks/patch_0790.npy,6
scene01,791,1344,2240,data/processed/scene01/images/patch_0791.npy,data/processed/scene01/masks/patch_0791.npy,146
scene01,792,1408,0,data/processed/scene01/images/patch_0792.npy,data/processed/scene01/masks/patch_0792.npy,14618
scene01,793,1408,64,data/processed/scene01/images/patch_0793.npy,data/processed/scene01/masks/patch_0793.npy,15140
scene01,794,1408,128,data/processed/scene01/images/patch_0794.npy,data/processed/scene01/masks/patch_0794.npy,10848
scene01,795,1408,192,data/processed/scene01/images/patch_0795.npy,data/processed/scene01/masks/patch_0795.npy,5636
scene01,796,1408,256,data/processed/scene01/images/patch_0796.npy,data/processed/scene01/masks/patch_0796.npy,5393
scene01,797,1408,320,data/processed/scene01/images/patch_0797.npy,data/processed/scene01/masks/patch_0797.npy,7061
scene01,798,1408,384,data/processed/scene01/images/patch_0798.npy,data/processed/scene01/masks/patch_0798.npy,6662
scene01,799,1408,448,data/processed/scene01/images/patch_0799.npy,data/processed/scene01/masks/patch_0799.npy,8016
scene01,800,1408,512,data/processed/scene01/images/patch_0800.npy,data/processed/scene01/masks/patch_0800.npy,6908
scene01,801,1408,576,data/processed/scene01/images/patch_0801.npy,data/processed/scene01/masks/patch_0801.npy,2319
scene01,802,1408,640,data/processed/scene01/images/patch_0802.npy,data/processed/scene01/masks/patch_0802.npy,3347
scene01,803,1408,704,data/processed/scene01/images/patch_0803.npy,data/processed/scene01/masks/patch_0803.npy,8421
scene01,804,1408,768,data/processed/scene01/images/patch_0804.npy,data/processed/scene01/masks/patch_0804.npy,13434
scene01,805,1408,832,data/processed/scene01/images/patch_0805.npy,data/processed/scene01/masks/patch_0805.npy,14102
scene01,806,1408,896,data/processed/scene01/images/patch_0806.npy,data/processed/scene01/masks/patch_0806.npy,11304
scene01,807,1408,960,data/processed/scene01/images/patch_0807.npy,data/processed/scene01/masks/patch_0807.npy,10377
scene01,808,1408,1024,data/processed/scene01/images/patch_0808.npy,data/processed/scene01/masks/patch_0808.npy,11329
scene01,809,1408,1088,data/processed/scene01/images/patch_0809.npy,data/processed/scene01/masks/patch_0809.npy,8347
scene01,810,1408,1152,data/processed/scene01/images/patch_0810.npy,data/processed/scene01/masks/patch_0810.npy,6218
scene01,811,1408,1216,data/processed/scene01/images/patch_0811.npy,data/processed/scene01/masks/patch_0811.npy,8184
scene01,812,1408,1280,data/processed/scene01/images/patch_0812.npy,data/processed/scene01/masks/patch_0812.npy,10019
scene01,813,1408,1344,data/processed/scene01/images/patch_0813.npy,data/processed/scene01/masks/patch_0813.npy,13401
scene01,814,1408,1408,data/processed/scene01/images/patch_0814.npy,data/processed/scene01/masks/patch_0814.npy,14289
scene01,815,1408,1472,data/processed/scene01/images/patch_0815.npy,data/processed/scene01/masks/patch_0815.npy,13305
scene01,816,1408,1536,data/processed/scene01/images/patch_0816.npy,data/processed/scene01/masks/patch_0816.npy,14254
scene01,817,1408,1600,data/processed/scene01/images/patch_0817.npy,data/processed/scene01/masks/patch_0817.npy,15034
scene01,818,1408,1664,data/processed/scene01/images/patch_0818.npy,data/processed/scene01/masks/patch_0818.npy,12142
scene01,819,1408,1728,data/processed/scene01/images/patch_0819.npy,data/processed/scene01/masks/patch_0819.npy,5292
scene01,820,1408,1792,data/processed/scene01/images/patch_0820.npy,data/processed/scene01/masks/patch_0820.npy,663
scene01,821,1408,1856,data/processed/scene01/images/patch_0821.npy,data/processed/scene01/masks/patch_0821.npy,0
scene01,822,1408,1920,data/processed/scene01/images/patch_0822.npy,data/processed/scene01/masks/patch_0822.npy,0
scene01,823,1408,1984,data/processed/scene01/images/patch_0823.npy,data/processed/scene01/masks/patch_0823.npy,0
scene01,824,1408,2048,data/processed/scene01/images/patch_0824.npy,data/processed/scene01/masks/patch_0824.npy,0
scene01,825,1408,2112,data/processed/scene01/images/patch_0825.npy,data/processed/scene01/masks/patch_0825.npy,0
scene01,826,1408,2176,data/processed/scene01/images/patch_0826.npy,data/processed/scene01/masks/patch_0826.npy,667
scene01,827,1408,2240,data/processed/scene01/images/patch_0827.npy,data/processed/scene01/masks/patch_0827.npy,1497
scene01,828,1472,0,data/processed/scene01/images/patch_0828.npy,data/processed/scene01/masks/patch_0828.npy,14463
scene01,829,1472,64,data/processed/scene01/images/patch_0829.npy,data/processed/scene01/masks/patch_0829.npy,14819
scene01,830,1472,128,data/processed/scene01/images/patch_0830.npy,data/processed/scene01/masks/patch_0830.npy,10351
scene01,831,1472,192,data/processed/scene01/images/patch_0831.npy,data/processed/scene01/masks/patch_0831.npy,5860
scene01,832,1472,256,data/processed/scene01/images/patch_0832.npy,data/processed/scene01/masks/patch_0832.npy,5332
scene01,833,1472,320,data/processed/scene01/images/patch_0833.npy,data/processed/scene01/masks/patch_0833.npy,6880
scene01,834,1472,384,data/processed/scene01/images/patch_0834.npy,data/processed/scene01/masks/patch_0834.npy,8077
scene01,835,1472,448,data/processed/scene01/images/patch_0835.npy,data/processed/scene01/masks/patch_0835.npy,7166
scene01,836,1472,512,data/processed/scene01/images/patch_0836.npy,data/processed/scene01/masks/patch_0836.npy,4452
scene01,837,1472,576,data/processed/scene01/images/patch_0837.npy,data/processed/scene01/masks/patch_0837.npy,1343
scene01,838,1472,640,data/processed/scene01/images/patch_0838.npy,data/processed/scene01/masks/patch_0838.npy,3120
scene01,839,1472,704,data/processed/scene01/images/patch_0839.npy,data/processed/scene01/masks/patch_0839.npy,9240
scene01,840,1472,768,data/processed/scene01/images/patch_0840.npy,data/processed/scene01/masks/patch_0840.npy,12041
scene01,841,1472,832,data/processed/scene01/images/patch_0841.npy,data/processed/scene01/masks/patch_0841.npy,12582
scene01,842,1472,896,data/processed/scene01/images/patch_0842.npy,data/processed/scene01/masks/patch_0842.npy,13484
scene01,843,1472,960,data/processed/scene01/images/patch_0843.npy,data/processed/scene01/masks/patch_0843.npy,14296
scene01,844,1472,1024,data/processed/scene01/images/patch_0844.npy,data/processed/scene01/masks/patch_0844.npy,14979
scene01,845,1472,1088,data/processed/scene01/images/patch_0845.npy,data/processed/scene01/masks/patch_0845.npy,13522
scene01,846,1472,1152,data/processed/scene01/images/patch_0846.npy,data/processed/scene01/masks/patch_0846.npy,13847
scene01,847,1472,1216,data/processed/scene01/images/patch_0847.npy,data/processed/scene01/masks/patch_0847.npy,15011
scene01,848,1472,1280,data/processed/scene01/images/patch_0848.npy,data/processed/scene01/masks/patch_0848.npy,13943
scene01,849,1472,1344,data/processed/scene01/images/patch_0849.npy,data/processed/scene01/masks/patch_0849.npy,14625
scene01,850,1472,1408,data/processed/scene01/images/patch_0850.npy,data/processed/scene01/masks/patch_0850.npy,14635
scene01,851,1472,1472,data/processed/scene01/images/patch_0851.npy,data/processed/scene01/masks/patch_0851.npy,13830
scene01,852,1472,1536,data/processed/scene01/images/patch_0852.npy,data/processed/scene01/masks/patch_0852.npy,13097
scene01,853,1472,1600,data/processed/scene01/images/patch_0853.npy,data/processed/scene01/masks/patch_0853.npy,12830
scene01,854,1472,1664,data/processed/scene01/images/patch_0854.npy,data/processed/scene01/masks/patch_0854.npy,11783
scene01,855,1472,1728,data/processed/scene01/images/patch_0855.npy,data/processed/scene01/masks/patch_0855.npy,5477
scene01,856,1472,1792,data/processed/scene01/images/patch_0856.npy,data/processed/scene01/masks/patch_0856.npy,990
scene01,857,1472,1856,data/processed/scene01/images/patch_0857.npy,data/processed/scene01/masks/patch_0857.npy,351
scene01,858,1472,1920,data/processed/scene01/images/patch_0858.npy,data/processed/scene01/masks/patch_0858.npy,10
scene01,859,1472,1984,data/processed/scene01/images/patch_0859.npy,data/processed/scene01/masks/patch_0859.npy,0
scene01,860,1472,2048,data/processed/scene01/images/patch_0860.npy,data/processed/scene01/masks/patch_0860.npy,0
scene01,861,1472,2112,data/processed/scene01/images/patch_0861.npy,data/processed/scene01/masks/patch_0861.npy,0
scene01,862,1472,2176,data/processed/scene01/images/patch_0862.npy,data/processed/scene01/masks/patch_0862.npy,661
scene01,863,1472,2240,data/processed/scene01/images/patch_0863.npy,data/processed/scene01/masks/patch_0863.npy,1351
scene01,864,1536,0,data/processed/scene01/images/patch_0864.npy,data/processed/scene01/masks/patch_0864.npy,15176
scene01,865,1536,64,data/processed/scene01/images/patch_0865.npy,data/processed/scene01/masks/patch_0865.npy,15177
scene01,866,1536,128,data/processed/scene01/images/patch_0866.npy,data/processed/scene01/masks/patch_0866.npy,10569
scene01,867,1536,192,data/processed/scene01/images/patch_0867.npy,data/processed/scene01/masks/patch_0867.npy,3736
scene01,868,1536,256,data/processed/scene01/images/patch_0868.npy,data/processed/scene01/masks/patch_0868.npy,2047
scene01,869,1536,320,data/processed/scene01/images/patch_0869.npy,data/processed/scene01/masks/patch_0869.npy,6579
scene01,870,1536,384,data/processed/scene01/images/patch_0870.npy,data/processed/scene01/masks/patch_0870.npy,12007
scene01,871,1536,448,data/processed/scene01/images/patch_0871.npy,data/processed/scene01/masks/patch_0871.npy,11595
scene01,872,1536,512,data/processed/scene01/images/patch_0872.npy,data/processed/scene01/masks/patch_0872.npy,7623
scene01,873,1536,576,data/processed/scene01/images/patch_0873.npy,data/processed/scene01/masks/patch_0873.npy,5585
scene01,874,1536,640,data/processed/scene01/images/patch_0874.npy,data/processed/scene01/masks/patch_0874.npy,6943
scene01,875,1536,704,data/processed/scene01/images/patch_0875.npy,data/processed/scene01/masks/patch_0875.npy,9133
scene01,876,1536,768,data/processed/scene01/images/patch_0876.npy,data/processed/scene01/masks/patch_0876.npy,9810
scene01,877,1536,832,data/processed/scene01/images/patch_0877.npy,data/processed/scene01/masks/patch_0877.npy,11914
scene01,878,1536,896,data/processed/scene01/images/patch_0878.npy,data/processed/scene01/masks/patch_0878.npy,14765
scene01,879,1536,960,data/processed/scene01/images/patch_0879.npy,data/processed/scene01/masks/patch_0879.npy,15300
scene01,880,1536,1024,data/processed/scene01/images/patch_0880.npy,data/processed/scene01/masks/patch_0880.npy,15577
scene01,881,1536,1088,data/processed/scene01/images/patch_0881.npy,data/processed/scene01/masks/patch_0881.npy,15994
scene01,882,1536,1152,data/processed/scene01/images/patch_0882.npy,data/processed/scene01/masks/patch_0882.npy,15930
scene01,883,1536,1216,data/processed/scene01/images/patch_0883.npy,data/processed/scene01/masks/patch_0883.npy,15230
scene01,884,1536,1280,data/processed/scene01/images/patch_0884.npy,data/processed/scene01/masks/patch_0884.npy,13579
scene01,885,1536,1344,data/processed/scene01/images/patch_0885.npy,data/processed/scene01/masks/patch_0885.npy,13267
scene01,886,1536,1408,data/processed/scene01/images/patch_0886.npy,data/processed/scene01/masks/patch_0886.npy,14725
scene01,887,1536,1472,data/processed/scene01/images/patch_0887.npy,data/processed/scene01/masks/patch_0887.npy,15524
scene01,888,1536,1536,data/processed/scene01/images/patch_0888.npy,data/processed/scene01/masks/patch_0888.npy,13541
scene01,889,1536,1600,data/processed/scene01/images/patch_0889.npy,data/processed/scene01/masks/patch_0889.npy,11976
scene01,890,1536,1664,data/processed/scene01/images/patch_0890.npy,data/processed/scene01/masks/patch_0890.npy,11695
scene01,891,1536,1728,data/processed/scene01/images/patch_0891.npy,data/processed/scene01/masks/patch_0891.npy,5850
scene01,892,1536,1792,data/processed/scene01/images/patch_0892.npy,data/processed/scene01/masks/patch_0892.npy,1224
scene01,893,1536,1856,data/processed/scene01/images/patch_0893.npy,data/processed/scene01/masks/patch_0893.npy,681
scene01,894,1536,1920,data/processed/scene01/images/patch_0894.npy,data/processed/scene01/masks/patch_0894.npy,10
scene01,895,1536,1984,data/processed/scene01/images/patch_0895.npy,data/processed/scene01/masks/patch_0895.npy,0
scene01,896,1536,2048,data/processed/scene01/images/patch_0896.npy,data/processed/scene01/masks/patch_0896.npy,0
scene01,897,1536,2112,data/processed/scene01/images/patch_0897.npy,data/processed/scene01/masks/patch_0897.npy,337
scene01,898,1536,2176,data/processed/scene01/images/patch_0898.npy,data/processed/scene01/masks/patch_0898.npy,337
scene01,899,1536,2240,data/processed/scene01/images/patch_0899.npy,data/processed/scene01/masks/patch_0899.npy,0
scene01,900,1600,0,data/processed/scene01/images/patch_0900.npy,data/processed/scene01/masks/patch_0900.npy,13852
scene01,901,1600,64,data/processed/scene01/images/patch_0901.npy,data/processed/scene01/masks/patch_0901.npy,14714
scene01,902,1600,128,data/processed/scene01/images/patch_0902.npy,data/processed/scene01/masks/patch_0902.npy,11358
scene01,903,1600,192,data/processed/scene01/images/patch_0903.npy,data/processed/scene01/masks/patch_0903.npy,4874
scene01,904,1600,256,data/processed/scene01/images/patch_0904.npy,data/processed/scene01/masks/patch_0904.npy,3934
scene01,905,1600,320,data/processed/scene01/images/patch_0905.npy,data/processed/scene01/masks/patch_0905.npy,10523
scene01,906,1600,384,data/processed/scene01/images/patch_0906.npy,data/processed/scene01/masks/patch_0906.npy,14204
scene01,907,1600,448,data/processed/scene01/images/patch_0907.npy,data/processed/scene01/masks/patch_0907.npy,14004
scene01,908,1600,512,data/processed/scene01/images/patch_0908.npy,data/processed/scene01/masks/patch_0908.npy,13091
scene01,909,1600,576,data/processed/scene01/images/patch_0909.npy,data/processed/scene01/masks/patch_0909.npy,12846
scene01,910,1600,640,data/processed/scene01/images/patch_0910.npy,data/processed/scene01/masks/patch_0910.npy,13449
scene01,911,1600,704,data/processed/scene01/images/patch_0911.npy,data/processed/scene01/masks/patch_0911.npy,12930
scene01,912,1600,768,data/processed/scene01/images/patch_0912.npy,data/processed/scene01/masks/patch_0912.npy,12210
scene01,913,1600,832,data/processed/scene01/images/patch_0913.npy,data/processed/scene01/masks/patch_0913.npy,11614
scene01,914,1600,896,data/processed/scene01/images/patch_0914.npy,data/processed/scene01/masks/patch_0914.npy,13747
scene01,915,1600,960,data/processed/scene01/images/patch_0915.npy,data/processed/scene01/masks/patch_0915.npy,15938
scene01,916,1600,1024,data/processed/scene01/images/patch_0916.npy,data/processed/scene01/masks/patch_0916.npy,15259
scene01,917,1600,1088,data/processed/scene01/images/patch_0917.npy,data/processed/scene01/masks/patch_0917.npy,15246
scene01,918,1600,1152,data/processed/scene01/images/patch_0918.npy,data/processed/scene01/masks/patch_0918.npy,15841
scene01,919,1600,1216,data/processed/scene01/images/patch_0919.npy,data/processed/scene01/masks/patch_0919.npy,15080
scene01,920,1600,1280,data/processed/scene01/images/patch_0920.npy,data/processed/scene01/masks/patch_0920.npy,14155
scene01,921,1600,1344,data/processed/scene01/images/patch_0921.npy,data/processed/scene01/masks/patch_0921.npy,13339
scene01,922,1600,1408,data/processed/scene01/images/patch_0922.npy,data/processed/scene01/masks/patch_0922.npy,14125
scene01,923,1600,1472,data/processed/scene01/images/patch_0923.npy,data/processed/scene01/masks/patch_0923.npy,15636
scene01,924,1600,1536,data/processed/scene01/images/patch_0924.npy,data/processed/scene01/masks/patch_0924.npy,14079
scene01,925,1600,1600,data/processed/scene01/images/patch_0925.npy,data/processed/scene01/masks/patch_0925.npy,12437
scene01,926,1600,1664,data/processed/scene01/images/patch_0926.npy,data/processed/scene01/masks/patch_0926.npy,10267
scene01,927,1600,1728,data/processed/scene01/images/patch_0927.npy,data/processed/scene01/masks/patch_0927.npy,4186
scene01,928,1600,1792,data/processed/scene01/images/patch_0928.npy,data/processed/scene01/masks/patch_0928.npy,537
scene01,929,1600,1856,data/processed/scene01/images/patch_0929.npy,data/processed/scene01/masks/patch_0929.npy,330
scene01,930,1600,1920,data/processed/scene01/images/patch_0930.npy,data/processed/scene01/masks/patch_0930.npy,0
scene01,931,1600,1984,data/processed/scene01/images/patch_0931.npy,data/processed/scene01/masks/patch_0931.npy,0
scene01,932,1600,2048,data/processed/scene01/images/patch_0932.npy,data/processed/scene01/masks/patch_0932.npy,0
scene01,933,1600,2112,data/processed/scene01/images/patch_0933.npy,data/processed/scene01/masks/patch_0933.npy,337
scene01,934,1600,2176,data/processed/scene01/images/patch_0934.npy,data/processed/scene01/masks/patch_0934.npy,337
scene01,935,1600,2240,data/processed/scene01/images/patch_0935.npy,data/processed/scene01/masks/patch_0935.npy,119
scene01,936,1664,0,data/processed/scene01/images/patch_0936.npy,data/processed/scene01/masks/patch_0936.npy,12857
scene01,937,1664,64,data/processed/scene01/images/patch_0937.npy,data/processed/scene01/masks/patch_0937.npy,14685
scene01,938,1664,128,data/processed/scene01/images/patch_0938.npy,data/processed/scene01/masks/patch_0938.npy,12962
scene01,939,1664,192,data/processed/scene01/images/patch_0939.npy,data/processed/scene01/masks/patch_0939.npy,8550
scene01,940,1664,256,data/processed/scene01/images/patch_0940.npy,data/processed/scene01/masks/patch_0940.npy,8853
scene01,941,1664,320,data/processed/scene01/images/patch_0941.npy,data/processed/scene01/masks/patch_0941.npy,13627
scene01,942,1664,384,data/processed/scene01/images/patch_0942.npy,data/processed/scene01/masks/patch_0942.npy,14987
scene01,943,1664,448,data/processed/scene01/images/patch_0943.npy,data/processed/scene01/masks/patch_0943.npy,15250
scene01,944,1664,512,data/processed/scene01/images/patch_0944.npy,data/processed/scene01/masks/patch_0944.npy,14805
scene01,945,1664,576,data/processed/scene01/images/patch_0945.npy,data/processed/scene01/masks/patch_0945.npy,14922
scene01,946,1664,640,data/processed/scene01/images/patch_0946.npy,data/processed/scene01/masks/patch_0946.npy,15647
scene01,947,1664,704,data/processed/scene01/images/patch_0947.npy,data/processed/scene01/masks/patch_0947.npy,15006
scene01,948,1664,768,data/processed/scene01/images/patch_0948.npy,data/processed/scene01/masks/patch_0948.npy,11846
scene01,949,1664,832,data/processed/scene01/images/patch_0949.npy,data/processed/scene01/masks/patch_0949.npy,10889
scene01,950,1664,896,data/processed/scene01/images/patch_0950.npy,data/processed/scene01/masks/patch_0950.npy,13726
scene01,951,1664,960,data/processed/scene01/images/patch_0951.npy,data/processed/scene01/masks/patch_0951.npy,15017
scene01,952,1664,1024,data/processed/scene01/images/patch_0952.npy,data/processed/scene01/masks/patch_0952.npy,14914
scene01,953,1664,1088,data/processed/scene01/images/patch_0953.npy,data/processed/scene01/masks/patch_0953.npy,15000
scene01,954,1664,1152,data/processed/scene01/images/patch_0954.npy,data/processed/scene01/masks/patch_0954.npy,15759
scene01,955,1664,1216,data/processed/scene01/images/patch_0955.npy,data/processed/scene01/masks/patch_0955.npy,15894
scene01,956,1664,1280,data/processed/scene01/images/patch_0956.npy,data/processed/scene01/masks/patch_0956.npy,15622
scene01,957,1664,1344,data/processed/scene01/images/patch_0957.npy,data/processed/scene01/masks/patch_0957.npy,14750
scene01,958,1664,1408,data/processed/scene01/images/patch_0958.npy,data/processed/scene01/masks/patch_0958.npy,14108
scene01,959,1664,1472,data/processed/scene01/images/patch_0959.npy,data/processed/scene01/masks/patch_0959.npy,15206
scene01,960,1664,1536,data/processed/scene01/images/patch_0960.npy,data/processed/scene01/masks/patch_0960.npy,14122
scene01,961,1664,1600,data/processed/scene01/images/patch_0961.npy,data/processed/scene01/masks/patch_0961.npy,13162
scene01,962,1664,1664,data/processed/scene01/images/patch_0962.npy,data/processed/scene01/masks/patch_0962.npy,11459
scene01,963,1664,1728,data/processed/scene01/images/patch_0963.npy,data/processed/scene01/masks/patch_0963.npy,6457
scene01,964,1664,1792,data/processed/scene01/images/patch_0964.npy,data/processed/scene01/masks/patch_0964.npy,2052
scene01,965,1664,1856,data/processed/scene01/images/patch_0965.npy,data/processed/scene01/masks/patch_0965.npy,51
scene01,966,1664,1920,data/processed/scene01/images/patch_0966.npy,data/processed/scene01/masks/patch_0966.npy,51
scene01,967,1664,1984,data/processed/scene01/images/patch_0967.npy,data/processed/scene01/masks/patch_0967.npy,0
scene01,968,1664,2048,data/processed/scene01/images/patch_0968.npy,data/processed/scene01/masks/patch_0968.npy,0
scene01,969,1664,2112,data/processed/scene01/images/patch_0969.npy,data/processed/scene01/masks/patch_0969.npy,176
scene01,970,1664,2176,data/processed/scene01/images/patch_0970.npy,data/processed/scene01/masks/patch_0970.npy,313
scene01,971,1664,2240,data/processed/scene01/images/patch_0971.npy,data/processed/scene01/masks/patch_0971.npy,256
scene01,972,1728,0,data/processed/scene01/images/patch_0972.npy,data/processed/scene01/masks/patch_0972.npy,14169
scene01,973,1728,64,data/processed/scene01/images/patch_0973.npy,data/processed/scene01/masks/patch_0973.npy,15788
scene01,974,1728,128,data/processed/scene01/images/patch_0974.npy,data/processed/scene01/masks/patch_0974.npy,14786
scene01,975,1728,192,data/processed/scene01/images/patch_0975.npy,data/processed/scene01/masks/patch_0975.npy,11988
scene01,976,1728,256,data/processed/scene01/images/patch_0976.npy,data/processed/scene01/masks/patch_0976.npy,11048
scene01,977,1728,320,data/processed/scene01/images/patch_0977.npy,data/processed/scene01/masks/patch_0977.npy,12865
scene01,978,1728,384,data/processed/scene01/images/patch_0978.npy,data/processed/scene01/masks/patch_0978.npy,14785
scene01,979,1728,448,data/processed/scene01/images/patch_0979.npy,data/processed/scene01/masks/patch_0979.npy,15919
scene01,980,1728,512,data/processed/scene01/images/patch_0980.npy,data/processed/scene01/masks/patch_0980.npy,15215
scene01,981,1728,576,data/processed/scene01/images/patch_0981.npy,data/processed/scene01/masks/patch_0981.npy,15019
scene01,982,1728,640,data/processed/scene01/images/patch_0982.npy,data/processed/scene01/masks/patch_0982.npy,15697
scene01,983,1728,704,data/processed/scene01/images/patch_0983.npy,data/processed/scene01/masks/patch_0983.npy,14531
scene01,984,1728,768,data/processed/scene01/images/patch_0984.npy,data/processed/scene01/masks/patch_0984.npy,9561
scene01,985,1728,832,data/processed/scene01/images/patch_0985.npy,data/processed/scene01/masks/patch_0985.npy,9960
scene01,986,1728,896,data/processed/scene01/images/patch_0986.npy,data/processed/scene01/masks/patch_0986.npy,14324
scene01,987,1728,960,data/processed/scene01/images/patch_0987.npy,data/processed/scene01/masks/patch_0987.npy,14818
scene01,988,1728,1024,data/processed/scene01/images/patch_0988.npy,data/processed/scene01/masks/patch_0988.npy,15484
scene01,989,1728,1088,data/processed/scene01/images/patch_0989.npy,data/processed/scene01/masks/patch_0989.npy,15397
scene01,990,1728,1152,data/processed/scene01/images/patch_0990.npy,data/processed/scene01/masks/patch_0990.npy,12856
scene01,991,1728,1216,data/processed/scene01/images/patch_0991.npy,data/processed/scene01/masks/patch_0991.npy,11698
scene01,992,1728,1280,data/processed/scene01/images/patch_0992.npy,data/processed/scene01/masks/patch_0992.npy,13725
scene01,993,1728,1344,data/processed/scene01/images/patch_0993.npy,data/processed/scene01/masks/patch_0993.npy,14769
scene01,994,1728,1408,data/processed/scene01/images/patch_0994.npy,data/processed/scene01/masks/patch_0994.npy,14458
scene01,995,1728,1472,data/processed/scene01/images/patch_0995.npy,data/processed/scene01/masks/patch_0995.npy,14917
scene01,996,1728,1536,data/processed/scene01/images/patch_0996.npy,data/processed/scene01/masks/patch_0996.npy,14984
scene01,997,1728,1600,data/processed/scene01/images/patch_0997.npy,data/processed/scene01/masks/patch_0997.npy,15052
scene01,998,1728,1664,data/processed/scene01/images/patch_0998.npy,data/processed/scene01/masks/patch_0998.npy,13043
scene01,999,1728,1728,data/processed/scene01/images/patch_0999.npy,data/processed/scene01/masks/patch_0999.npy,10587
scene01,1000,1728,1792,data/processed/scene01/images/patch_1000.npy,data/processed/scene01/masks/patch_1000.npy,5873
scene01,1001,1728,1856,data/processed/scene01/images/patch_1001.npy,data/processed/scene01/masks/patch_1001.npy,579
scene01,1002,1728,1920,data/processed/scene01/images/patch_1002.npy,data/processed/scene01/masks/patch_1002.npy,354
scene01,1003,1728,1984,data/processed/scene01/images/patch_1003.npy,data/processed/scene01/masks/patch_1003.npy,303
scene01,1004,1728,2048,data/processed/scene01/images/patch_1004.npy,data/processed/scene01/masks/patch_1004.npy,60
scene01,1005,1728,2112,data/processed/scene01/images/patch_1005.npy,data/processed/scene01/masks/patch_1005.npy,403
scene01,1006,1728,2176,data/processed/scene01/images/patch_1006.npy,data/processed/scene01/masks/patch_1006.npy,517
scene01,1007,1728,2240,data/processed/scene01/images/patch_1007.npy,data/processed/scene01/masks/patch_1007.npy,428
scene01,1008,1792,0,data/processed/scene01/images/patch_1008.npy,data/processed/scene01/masks/patch_1008.npy,12834
scene01,1009,1792,64,data/processed/scene01/images/patch_1009.npy,data/processed/scene01/masks/patch_1009.npy,13151
scene01,1010,1792,128,data/processed/scene01/images/patch_1010.npy,data/processed/scene01/masks/patch_1010.npy,12821
scene01,1011,1792,192,data/processed/scene01/images/patch_1011.npy,data/processed/scene01/masks/patch_1011.npy,13257
scene01,1012,1792,256,data/processed/scene01/images/patch_1012.npy,data/processed/scene01/masks/patch_1012.npy,11999
scene01,1013,1792,320,data/processed/scene01/images/patch_1013.npy,data/processed/scene01/masks/patch_1013.npy,9634
scene01,1014,1792,384,data/processed/scene01/images/patch_1014.npy,data/processed/scene01/masks/patch_1014.npy,10703
scene01,1015,1792,448,data/processed/scene01/images/patch_1015.npy,data/processed/scene01/masks/patch_1015.npy,13821
scene01,1016,1792,512,data/processed/scene01/images/patch_1016.npy,data/processed/scene01/masks/patch_1016.npy,15338
scene01,1017,1792,576,data/processed/scene01/images/patch_1017.npy,data/processed/scene01/masks/patch_1017.npy,15328
scene01,1018,1792,640,data/processed/scene01/images/patch_1018.npy,data/processed/scene01/masks/patch_1018.npy,15551
scene01,1019,1792,704,data/processed/scene01/images/patch_1019.npy,data/processed/scene01/masks/patch_1019.npy,14815
scene01,1020,1792,768,data/processed/scene01/images/patch_1020.npy,data/processed/scene01/masks/patch_1020.npy,9781
scene01,1021,1792,832,data/processed/scene01/images/patch_1021.npy,data/processed/scene01/masks/patch_1021.npy,9171
scene01,1022,1792,896,data/processed/scene01/images/patch_1022.npy,data/processed/scene01/masks/patch_1022.npy,13470
scene01,1023,1792,960,data/processed/scene01/images/patch_1023.npy,data/processed/scene01/masks/patch_1023.npy,14619
scene01,1024,1792,1024,data/processed/scene01/images/patch_1024.npy,data/processed/scene01/masks/patch_1024.npy,15630
scene01,1025,1792,1088,data/processed/scene01/images/patch_1025.npy,data/processed/scene01/masks/patch_1025.npy,14810
scene01,1026,1792,1152,data/processed/scene01/images/patch_1026.npy,data/processed/scene01/masks/patch_1026.npy,8608
scene01,1027,1792,1216,data/processed/scene01/images/patch_1027.npy,data/processed/scene01/masks/patch_1027.npy,6214
scene01,1028,1792,1280,data/processed/scene01/images/patch_1028.npy,data/processed/scene01/masks/patch_1028.npy,11800
scene01,1029,1792,1344,data/processed/scene01/images/patch_1029.npy,data/processed/scene01/masks/patch_1029.npy,14878
scene01,1030,1792,1408,data/processed/scene01/images/patch_1030.npy,data/processed/scene01/masks/patch_1030.npy,15070
scene01,1031,1792,1472,data/processed/scene01/images/patch_1031.npy,data/processed/scene01/masks/patch_1031.npy,15061
scene01,1032,1792,1536,data/processed/scene01/images/patch_1032.npy,data/processed/scene01/masks/patch_1032.npy,15164
scene01,1033,1792,1600,data/processed/scene01/images/patch_1033.npy,data/processed/scene01/masks/patch_1033.npy,15571
scene01,1034,1792,1664,data/processed/scene01/images/patch_1034.npy,data/processed/scene01/masks/patch_1034.npy,14171
scene01,1035,1792,1728,data/processed/scene01/images/patch_1035.npy,data/processed/scene01/masks/patch_1035.npy,13358
scene01,1036,1792,1792,data/processed/scene01/images/patch_1036.npy,data/processed/scene01/masks/patch_1036.npy,9461
scene01,1037,1792,1856,data/processed/scene01/images/patch_1037.npy,data/processed/scene01/masks/patch_1037.npy,2549
scene01,1038,1792,1920,data/processed/scene01/images/patch_1038.npy,data/processed/scene01/masks/patch_1038.npy,319
scene01,1039,1792,1984,data/processed/scene01/images/patch_1039.npy,data/processed/scene01/masks/patch_1039.npy,466
scene01,1040,1792,2048,data/processed/scene01/images/patch_1040.npy,data/processed/scene01/masks/patch_1040.npy,389
scene01,1041,1792,2112,data/processed/scene01/images/patch_1041.npy,data/processed/scene01/masks/patch_1041.npy,407
scene01,1042,1792,2176,data/processed/scene01/images/patch_1042.npy,data/processed/scene01/masks/patch_1042.npy,689
scene01,1043,1792,2240,data/processed/scene01/images/patch_1043.npy,data/processed/scene01/masks/patch_1043.npy,1706
scene01,1044,1856,0,data/processed/scene01/images/patch_1044.npy,data/processed/scene01/masks/patch_1044.npy,11856
scene01,1045,1856,64,data/processed/scene01/images/patch_1045.npy,data/processed/scene01/masks/patch_1045.npy,12290
scene01,1046,1856,128,data/processed/scene01/images/patch_1046.npy,data/processed/scene01/masks/patch_1046.npy,12002
scene01,1047,1856,192,data/processed/scene01/images/patch_1047.npy,data/processed/scene01/masks/patch_1047.npy,13305
scene01,1048,1856,256,data/processed/scene01/images/patch_1048.npy,data/processed/scene01/masks/patch_1048.npy,12748
scene01,1049,1856,320,data/processed/scene01/images/patch_1049.npy,data/processed/scene01/masks/patch_1049.npy,8836
scene01,1050,1856,384,data/processed/scene01/images/patch_1050.npy,data/processed/scene01/masks/patch_1050.npy,8679
scene01,1051,1856,448,data/processed/scene01/images/patch_1051.npy,data/processed/scene01/masks/patch_1051.npy,12904
scene01,1052,1856,512,data/processed/scene01/images/patch_1052.npy,data/processed/scene01/masks/patch_1052.npy,14977
scene01,1053,1856,576,data/processed/scene01/images/patch_1053.npy,data/processed/scene01/masks/patch_1053.npy,14878
scene01,1054,1856,640,data/processed/scene01/images/patch_1054.npy,data/processed/scene01/masks/patch_1054.npy,15500
scene01,1055,1856,704,data/processed/scene01/images/patch_1055.npy,data/processed/scene01/masks/patch_1055.npy,15549
scene01,1056,1856,768,data/processed/scene01/images/patch_1056.npy,data/processed/scene01/masks/patch_1056.npy,12541
scene01,1057,1856,832,data/processed/scene01/images/patch_1057.npy,data/processed/scene01/masks/patch_1057.npy,11245
scene01,1058,1856,896,data/processed/scene01/images/patch_1058.npy,data/processed/scene01/masks/patch_1058.npy,13580
scene01,1059,1856,960,data/processed/scene01/images/patch_1059.npy,data/processed/scene01/masks/patch_1059.npy,13451
scene01,1060,1856,1024,data/processed/scene01/images/patch_1060.npy,data/processed/scene01/masks/patch_1060.npy,12992
scene01,1061,1856,1088,data/processed/scene01/images/patch_1061.npy,data/processed/scene01/masks/patch_1061.npy,12621
scene01,1062,1856,1152,data/processed/scene01/images/patch_1062.npy,data/processed/scene01/masks/patch_1062.npy,10028
scene01,1063,1856,1216,data/processed/scene01/images/patch_1063.npy,data/processed/scene01/masks/patch_1063.npy,9588
scene01,1064,1856,1280,data/processed/scene01/images/patch_1064.npy,data/processed/scene01/masks/patch_1064.npy,12436
scene01,1065,1856,1344,data/processed/scene01/images/patch_1065.npy,data/processed/scene01/masks/patch_1065.npy,14508
scene01,1066,1856,1408,data/processed/scene01/images/patch_1066.npy,data/processed/scene01/masks/patch_1066.npy,15520
scene01,1067,1856,1472,data/processed/scene01/images/patch_1067.npy,data/processed/scene01/masks/patch_1067.npy,15220
scene01,1068,1856,1536,data/processed/scene01/images/patch_1068.npy,data/processed/scene01/masks/patch_1068.npy,14503
scene01,1069,1856,1600,data/processed/scene01/images/patch_1069.npy,data/processed/scene01/masks/patch_1069.npy,14737
scene01,1070,1856,1664,data/processed/scene01/images/patch_1070.npy,data/processed/scene01/masks/patch_1070.npy,14138
scene01,1071,1856,1728,data/processed/scene01/images/patch_1071.npy,data/processed/scene01/masks/patch_1071.npy,12913
scene01,1072,1856,1792,data/processed/scene01/images/patch_1072.npy,data/processed/scene01/masks/patch_1072.npy,11517
scene01,1073,1856,1856,data/processed/scene01/images/patch_1073.npy,data/processed/scene01/masks/patch_1073.npy,6052
scene01,1074,1856,1920,data/processed/scene01/images/patch_1074.npy,data/processed/scene01/masks/patch_1074.npy,961
scene01,1075,1856,1984,data/processed/scene01/images/patch_1075.npy,data/processed/scene01/masks/patch_1075.npy,467
scene01,1076,1856,2048,data/processed/scene01/images/patch_1076.npy,data/processed/scene01/masks/patch_1076.npy,484
scene01,1077,1856,2112,data/processed/scene01/images/patch_1077.npy,data/processed/scene01/masks/patch_1077.npy,659
scene01,1078,1856,2176,data/processed/scene01/images/patch_1078.npy,data/processed/scene01/masks/patch_1078.npy,2195
scene01,1079,1856,2240,data/processed/scene01/images/patch_1079.npy,data/processed/scene01/masks/patch_1079.npy,5893
scene01,1080,1920,0,data/processed/scene01/images/patch_1080.npy,data/processed/scene01/masks/patch_1080.npy,14182
scene01,1081,1920,64,data/processed/scene01/images/patch_1081.npy,data/processed/scene01/masks/patch_1081.npy,15126
scene01,1082,1920,128,data/processed/scene01/images/patch_1082.npy,data/processed/scene01/masks/patch_1082.npy,14375
scene01,1083,1920,192,data/processed/scene01/images/patch_1083.npy,data/processed/scene01/masks/patch_1083.npy,13385
scene01,1084,1920,256,data/processed/scene01/images/patch_1084.npy,data/processed/scene01/masks/patch_1084.npy,13065
scene01,1085,1920,320,data/processed/scene01/images/patch_1085.npy,data/processed/scene01/masks/patch_1085.npy,10939
scene01,1086,1920,384,data/processed/scene01/images/patch_1086.npy,data/processed/scene01/masks/patch_1086.npy,10389
scene01,1087,1920,448,data/processed/scene01/images/patch_1087.npy,data/processed/scene01/masks/patch_1087.npy,13816
scene01,1088,1920,512,data/processed/scene01/images/patch_1088.npy,data/processed/scene01/masks/patch_1088.npy,15526
scene01,1089,1920,576,data/processed/scene01/images/patch_1089.npy,data/processed/scene01/masks/patch_1089.npy,15404
scene01,1090,1920,640,data/processed/scene01/images/patch_1090.npy,data/processed/scene01/masks/patch_1090.npy,15927
scene01,1091,1920,704,data/processed/scene01/images/patch_1091.npy,data/processed/scene01/masks/patch_1091.npy,15939
scene01,1092,1920,768,data/processed/scene01/images/patch_1092.npy,data/processed/scene01/masks/patch_1092.npy,14339
scene01,1093,1920,832,data/processed/scene01/images/patch_1093.npy,data/processed/scene01/masks/patch_1093.npy,12876
scene01,1094,1920,896,data/processed/scene01/images/patch_1094.npy,data/processed/scene01/masks/patch_1094.npy,12861
scene01,1095,1920,960,data/processed/scene01/images/patch_1095.npy,data/processed/scene01/masks/patch_1095.npy,12656
scene01,1096,1920,1024,data/processed/scene01/images/patch_1096.npy,data/processed/scene01/masks/patch_1096.npy,12282
scene01,1097,1920,1088,data/processed/scene01/images/patch_1097.npy,data/processed/scene01/masks/patch_1097.npy,12489
scene01,1098,1920,1152,data/processed/scene01/images/patch_1098.npy,data/processed/scene01/masks/patch_1098.npy,13628
scene01,1099,1920,1216,data/processed/scene01/images/patch_1099.npy,data/processed/scene01/masks/patch_1099.npy,13515
scene01,1100,1920,1280,data/processed/scene01/images/patch_1100.npy,data/processed/scene01/masks/patch_1100.npy,12566
scene01,1101,1920,1344,data/processed/scene01/images/patch_1101.npy,data/processed/scene01/masks/patch_1101.npy,14038
scene01,1102,1920,1408,data/processed/scene01/images/patch_1102.npy,data/processed/scene01/masks/patch_1102.npy,15921
scene01,1103,1920,1472,data/processed/scene01/images/patch_1103.npy,data/processed/scene01/masks/patch_1103.npy,15766
scene01,1104,1920,1536,data/processed/scene01/images/patch_1104.npy,data/processed/scene01/masks/patch_1104.npy,14489
scene01,1105,1920,1600,data/processed/scene01/images/patch_1105.npy,data/processed/scene01/masks/patch_1105.npy,13958
scene01,1106,1920,1664,data/processed/scene01/images/patch_1106.npy,data/processed/scene01/masks/patch_1106.npy,14125
scene01,1107,1920,1728,data/processed/scene01/images/patch_1107.npy,data/processed/scene01/masks/patch_1107.npy,12567
scene01,1108,1920,1792,data/processed/scene01/images/patch_1108.npy,data/processed/scene01/masks/patch_1108.npy,10656
scene01,1109,1920,1856,data/processed/scene01/images/patch_1109.npy,data/processed/scene01/masks/patch_1109.npy,6630
scene01,1110,1920,1920,data/processed/scene01/images/patch_1110.npy,data/processed/scene01/masks/patch_1110.npy,2016
scene01,1111,1920,1984,data/processed/scene01/images/patch_1111.npy,data/processed/scene01/masks/patch_1111.npy,803
scene01,1112,1920,2048,data/processed/scene01/images/patch_1112.npy,data/processed/scene01/masks/patch_1112.npy,2793
scene01,1113,1920,2112,data/processed/scene01/images/patch_1113.npy,data/processed/scene01/masks/patch_1113.npy,5610
scene01,1114,1920,2176,data/processed/scene01/images/patch_1114.npy,data/processed/scene01/masks/patch_1114.npy,6311
scene01,1115,1920,2240,data/processed/scene01/images/patch_1115.npy,data/processed/scene01/masks/patch_1115.npy,9264
scene01,1116,1984,0,data/processed/scene01/images/patch_1116.npy,data/processed/scene01/masks/patch_1116.npy,15294
scene01,1117,1984,64,data/processed/scene01/images/patch_1117.npy,data/processed/scene01/masks/patch_1117.npy,15125
scene01,1118,1984,128,data/processed/scene01/images/patch_1118.npy,data/processed/scene01/masks/patch_1118.npy,14054
scene01,1119,1984,192,data/processed/scene01/images/patch_1119.npy,data/processed/scene01/masks/patch_1119.npy,13011
scene01,1120,1984,256,data/processed/scene01/images/patch_1120.npy,data/processed/scene01/masks/patch_1120.npy,14353
scene01,1121,1984,320,data/processed/scene01/images/patch_1121.npy,data/processed/scene01/masks/patch_1121.npy,12546
scene01,1122,1984,384,data/processed/scene01/images/patch_1122.npy,data/processed/scene01/masks/patch_1122.npy,10582
scene01,1123,1984,448,data/processed/scene01/images/patch_1123.npy,data/processed/scene01/masks/patch_1123.npy,13930
scene01,1124,1984,512,data/processed/scene01/images/patch_1124.npy,data/processed/scene01/masks/patch_1124.npy,16057
scene01,1125,1984,576,data/processed/scene01/images/patch_1125.npy,data/processed/scene01/masks/patch_1125.npy,15923
scene01,1126,1984,640,data/processed/scene01/images/patch_1126.npy,data/processed/scene01/masks/patch_1126.npy,15947
scene01,1127,1984,704,data/processed/scene01/images/patch_1127.npy,data/processed/scene01/masks/patch_1127.npy,15706
scene01,1128,1984,768,data/processed/scene01/images/patch_1128.npy,data/processed/scene01/masks/patch_1128.npy,13874
scene01,1129,1984,832,data/processed/scene01/images/patch_1129.npy,data/processed/scene01/masks/patch_1129.npy,13493
scene01,1130,1984,896,data/processed/scene01/images/patch_1130.npy,data/processed/scene01/masks/patch_1130.npy,11780
scene01,1131,1984,960,data/processed/scene01/images/patch_1131.npy,data/processed/scene01/masks/patch_1131.npy,11360
scene01,1132,1984,1024,data/processed/scene01/images/patch_1132.npy,data/processed/scene01/masks/patch_1132.npy,13365
scene01,1133,1984,1088,data/processed/scene01/images/patch_1133.npy,data/processed/scene01/masks/patch_1133.npy,13960
scene01,1134,1984,1152,data/processed/scene01/images/patch_1134.npy,data/processed/scene01/masks/patch_1134.npy,14485
scene01,1135,1984,1216,data/processed/scene01/images/patch_1135.npy,data/processed/scene01/masks/patch_1135.npy,14029
scene01,1136,1984,1280,data/processed/scene01/images/patch_1136.npy,data/processed/scene01/masks/patch_1136.npy,13944
scene01,1137,1984,1344,data/processed/scene01/images/patch_1137.npy,data/processed/scene01/masks/patch_1137.npy,14615
scene01,1138,1984,1408,data/processed/scene01/images/patch_1138.npy,data/processed/scene01/masks/patch_1138.npy,15787
scene01,1139,1984,1472,data/processed/scene01/images/patch_1139.npy,data/processed/scene01/masks/patch_1139.npy,16209
scene01,1140,1984,1536,data/processed/scene01/images/patch_1140.npy,data/processed/scene01/masks/patch_1140.npy,14675
scene01,1141,1984,1600,data/processed/scene01/images/patch_1141.npy,data/processed/scene01/masks/patch_1141.npy,11804
scene01,1142,1984,1664,data/processed/scene01/images/patch_1142.npy,data/processed/scene01/masks/patch_1142.npy,12688
scene01,1143,1984,1728,data/processed/scene01/images/patch_1143.npy,data/processed/scene01/masks/patch_1143.npy,14370
scene01,1144,1984,1792,data/processed/scene01/images/patch_1144.npy,data/processed/scene01/masks/patch_1144.npy,11106
scene01,1145,1984,1856,data/processed/scene01/images/patch_1145.npy,data/processed/scene01/masks/patch_1145.npy,5173
scene01,1146,1984,1920,data/processed/scene01/images/patch_1146.npy,data/processed/scene01/masks/patch_1146.npy,1729
scene01,1147,1984,1984,data/processed/scene01/images/patch_1147.npy,data/processed/scene01/masks/patch_1147.npy,1236
scene01,1148,1984,2048,data/processed/scene01/images/patch_1148.npy,data/processed/scene01/masks/patch_1148.npy,4593
scene01,1149,1984,2112,data/processed/scene01/images/patch_1149.npy,data/processed/scene01/masks/patch_1149.npy,10292
scene01,1150,1984,2176,data/processed/scene01/images/patch_1150.npy,data/processed/scene01/masks/patch_1150.npy,11581
scene01,1151,1984,2240,data/processed/scene01/images/patch_1151.npy,data/processed/scene01/masks/patch_1151.npy,9326
scene01,1152,2048,0,data/processed/scene01/images/patch_1152.npy,data/processed/scene01/masks/patch_1152.npy,15606
scene01,1153,2048,64,data/processed/scene01/images/patch_1153.npy,data/processed/scene01/masks/patch_1153.npy,14151
scene01,1154,2048,128,data/processed/scene01/images/patch_1154.npy,data/processed/scene01/masks/patch_1154.npy,12516
scene01,1155,2048,192,data/processed/scene01/images/patch_1155.npy,data/processed/scene01/masks/patch_1155.npy,13228
scene01,1156,2048,256,data/processed/scene01/images/patch_1156.npy,data/processed/scene01/masks/patch_1156.npy,15318
scene01,1157,2048,320,data/processed/scene01/images/patch_1157.npy,data/processed/scene01/masks/patch_1157.npy,12231
scene01,1158,2048,384,data/processed/scene01/images/patch_1158.npy,data/processed/scene01/masks/patch_1158.npy,11036
scene01,1159,2048,448,data/processed/scene01/images/patch_1159.npy,data/processed/scene01/masks/patch_1159.npy,14419
scene01,1160,2048,512,data/processed/scene01/images/patch_1160.npy,data/processed/scene01/masks/patch_1160.npy,14770
scene01,1161,2048,576,data/processed/scene01/images/patch_1161.npy,data/processed/scene01/masks/patch_1161.npy,14704
scene01,1162,2048,640,data/processed/scene01/images/patch_1162.npy,data/processed/scene01/masks/patch_1162.npy,15655
scene01,1163,2048,704,data/processed/scene01/images/patch_1163.npy,data/processed/scene01/masks/patch_1163.npy,15987
scene01,1164,2048,768,data/processed/scene01/images/patch_1164.npy,data/processed/scene01/masks/patch_1164.npy,15016
scene01,1165,2048,832,data/processed/scene01/images/patch_1165.npy,data/processed/scene01/masks/patch_1165.npy,15190
scene01,1166,2048,896,data/processed/scene01/images/patch_1166.npy,data/processed/scene01/masks/patch_1166.npy,13288
scene01,1167,2048,960,data/processed/scene01/images/patch_1167.npy,data/processed/scene01/masks/patch_1167.npy,11438
scene01,1168,2048,1024,data/processed/scene01/images/patch_1168.npy,data/processed/scene01/masks/patch_1168.npy,11334
scene01,1169,2048,1088,data/processed/scene01/images/patch_1169.npy,data/processed/scene01/masks/patch_1169.npy,12651
scene01,1170,2048,1152,data/processed/scene01/images/patch_1170.npy,data/processed/scene01/masks/patch_1170.npy,14983
scene01,1171,2048,1216,data/processed/scene01/images/patch_1171.npy,data/processed/scene01/masks/patch_1171.npy,15405
scene01,1172,2048,1280,data/processed/scene01/images/patch_1172.npy,data/processed/scene01/masks/patch_1172.npy,15563
scene01,1173,2048,1344,data/processed/scene01/images/patch_1173.npy,data/processed/scene01/masks/patch_1173.npy,15033
scene01,1174,2048,1408,data/processed/scene01/images/patch_1174.npy,data/processed/scene01/masks/patch_1174.npy,15438
scene01,1175,2048,1472,data/processed/scene01/images/patch_1175.npy,data/processed/scene01/masks/patch_1175.npy,14984
scene01,1176,2048,1536,data/processed/scene01/images/patch_1176.npy,data/processed/scene01/masks/patch_1176.npy,11836
scene01,1177,2048,1600,data/processed/scene01/images/patch_1177.npy,data/processed/scene01/masks/patch_1177.npy,9812
scene01,1178,2048,1664,data/processed/scene01/images/patch_1178.npy,data/processed/scene01/masks/patch_1178.npy,12199
scene01,1179,2048,1728,data/processed/scene01/images/patch_1179.npy,data/processed/scene01/masks/patch_1179.npy,15270
scene01,1180,2048,1792,data/processed/scene01/images/patch_1180.npy,data/processed/scene01/masks/patch_1180.npy,13037
scene01,1181,2048,1856,data/processed/scene01/images/patch_1181.npy,data/processed/scene01/masks/patch_1181.npy,7635
scene01,1182,2048,1920,data/processed/scene01/images/patch_1182.npy,data/processed/scene01/masks/patch_1182.npy,4554
scene01,1183,2048,1984,data/processed/scene01/images/patch_1183.npy,data/processed/scene01/masks/patch_1183.npy,2375
scene01,1184,2048,2048,data/processed/scene01/images/patch_1184.npy,data/processed/scene01/masks/patch_1184.npy,4163
scene01,1185,2048,2112,data/processed/scene01/images/patch_1185.npy,data/processed/scene01/masks/patch_1185.npy,9433
scene01,1186,2048,2176,data/processed/scene01/images/patch_1186.npy,data/processed/scene01/masks/patch_1186.npy,12701
scene01,1187,2048,2240,data/processed/scene01/images/patch_1187.npy,data/processed/scene01/masks/patch_1187.npy,11037
scene01,1188,2112,0,data/processed/scene01/images/patch_1188.npy,data/processed/scene01/masks/patch_1188.npy,15438
scene01,1189,2112,64,data/processed/scene01/images/patch_1189.npy,data/processed/scene01/masks/patch_1189.npy,14450
scene01,1190,2112,128,data/processed/scene01/images/patch_1190.npy,data/processed/scene01/masks/patch_1190.npy,12876
scene01,1191,2112,192,data/processed/scene01/images/patch_1191.npy,data/processed/scene01/masks/patch_1191.npy,13624
scene01,1192,2112,256,data/processed/scene01/images/patch_1192.npy,data/processed/scene01/masks/patch_1192.npy,15389
scene01,1193,2112,320,data/processed/scene01/images/patch_1193.npy,data/processed/scene01/masks/patch_1193.npy,11709
scene01,1194,2112,384,data/processed/scene01/images/patch_1194.npy,data/processed/scene01/masks/patch_1194.npy,10905
scene01,1195,2112,448,data/processed/scene01/images/patch_1195.npy,data/processed/scene01/masks/patch_1195.npy,14865
scene01,1196,2112,512,data/processed/scene01/images/patch_1196.npy,data/processed/scene01/masks/patch_1196.npy,14917
scene01,1197,2112,576,data/processed/scene01/images/patch_1197.npy,data/processed/scene01/masks/patch_1197.npy,14045
scene01,1198,2112,640,data/processed/scene01/images/patch_1198.npy,data/processed/scene01/masks/patch_1198.npy,14837
scene01,1199,2112,704,data/processed/scene01/images/patch_1199.npy,data/processed/scene01/masks/patch_1199.npy,15710
scene01,1200,2112,768,data/processed/scene01/images/patch_1200.npy,data/processed/scene01/masks/patch_1200.npy,15298
scene01,1201,2112,832,data/processed/scene01/images/patch_1201.npy,data/processed/scene01/masks/patch_1201.npy,15590
scene01,1202,2112,896,data/processed/scene01/images/patch_1202.npy,data/processed/scene01/masks/patch_1202.npy,15429
scene01,1203,2112,960,data/processed/scene01/images/patch_1203.npy,data/processed/scene01/masks/patch_1203.npy,14195
scene01,1204,2112,1024,data/processed/scene01/images/patch_1204.npy,data/processed/scene01/masks/patch_1204.npy,12415
scene01,1205,2112,1088,data/processed/scene01/images/patch_1205.npy,data/processed/scene01/masks/patch_1205.npy,12345
scene01,1206,2112,1152,data/processed/scene01/images/patch_1206.npy,data/processed/scene01/masks/patch_1206.npy,14307
scene01,1207,2112,1216,data/processed/scene01/images/patch_1207.npy,data/processed/scene01/masks/patch_1207.npy,15482
scene01,1208,2112,1280,data/processed/scene01/images/patch_1208.npy,data/processed/scene01/masks/patch_1208.npy,15724
scene01,1209,2112,1344,data/processed/scene01/images/patch_1209.npy,data/processed/scene01/masks/patch_1209.npy,15086
scene01,1210,2112,1408,data/processed/scene01/images/patch_1210.npy,data/processed/scene01/masks/patch_1210.npy,14736
scene01,1211,2112,1472,data/processed/scene01/images/patch_1211.npy,data/processed/scene01/masks/patch_1211.npy,14370
scene01,1212,2112,1536,data/processed/scene01/images/patch_1212.npy,data/processed/scene01/masks/patch_1212.npy,12077
scene01,1213,2112,1600,data/processed/scene01/images/patch_1213.npy,data/processed/scene01/masks/patch_1213.npy,11591
scene01,1214,2112,1664,data/processed/scene01/images/patch_1214.npy,data/processed/scene01/masks/patch_1214.npy,11553
scene01,1215,2112,1728,data/processed/scene01/images/patch_1215.npy,data/processed/scene01/masks/patch_1215.npy,12748
scene01,1216,2112,1792,data/processed/scene01/images/patch_1216.npy,data/processed/scene01/masks/patch_1216.npy,14224
scene01,1217,2112,1856,data/processed/scene01/images/patch_1217.npy,data/processed/scene01/masks/patch_1217.npy,13151
scene01,1218,2112,1920,data/processed/scene01/images/patch_1218.npy,data/processed/scene01/masks/patch_1218.npy,9778
scene01,1219,2112,1984,data/processed/scene01/images/patch_1219.npy,data/processed/scene01/masks/patch_1219.npy,4327
scene01,1220,2112,2048,data/processed/scene01/images/patch_1220.npy,data/processed/scene01/masks/patch_1220.npy,6349
scene01,1221,2112,2112,data/processed/scene01/images/patch_1221.npy,data/processed/scene01/masks/patch_1221.npy,10198
scene01,1222,2112,2176,data/processed/scene01/images/patch_1222.npy,data/processed/scene01/masks/patch_1222.npy,11092
scene01,1223,2112,2240,data/processed/scene01/images/patch_1223.npy,data/processed/scene01/masks/patch_1223.npy,11921
scene01,1224,2176,0,data/processed/scene01/images/patch_1224.npy,data/processed/scene01/masks/patch_1224.npy,15155
scene01,1225,2176,64,data/processed/scene01/images/patch_1225.npy,data/processed/scene01/masks/patch_1225.npy,15046
scene01,1226,2176,128,data/processed/scene01/images/patch_1226.npy,data/processed/scene01/masks/patch_1226.npy,14511
scene01,1227,2176,192,data/processed/scene01/images/patch_1227.npy,data/processed/scene01/masks/patch_1227.npy,13646
scene01,1228,2176,256,data/processed/scene01/images/patch_1228.npy,data/processed/scene01/masks/patch_1228.npy,13789
scene01,1229,2176,320,data/processed/scene01/images/patch_1229.npy,data/processed/scene01/masks/patch_1229.npy,10481
scene01,1230,2176,384,data/processed/scene01/images/patch_1230.npy,data/processed/scene01/masks/patch_1230.npy,8236
scene01,1231,2176,448,data/processed/scene01/images/patch_1231.npy,data/processed/scene01/masks/patch_1231.npy,12037
scene01,1232,2176,512,data/processed/scene01/images/patch_1232.npy,data/processed/scene01/masks/patch_1232.npy,14886
scene01,1233,2176,576,data/processed/scene01/images/patch_1233.npy,data/processed/scene01/masks/patch_1233.npy,14786
scene01,1234,2176,640,data/processed/scene01/images/patch_1234.npy,data/processed/scene01/masks/patch_1234.npy,14939
scene01,1235,2176,704,data/processed/scene01/images/patch_1235.npy,data/processed/scene01/masks/patch_1235.npy,15053
scene01,1236,2176,768,data/processed/scene01/images/patch_1236.npy,data/processed/scene01/masks/patch_1236.npy,13943
scene01,1237,2176,832,data/processed/scene01/images/patch_1237.npy,data/processed/scene01/masks/patch_1237.npy,14844
scene01,1238,2176,896,data/processed/scene01/images/patch_1238.npy,data/processed/scene01/masks/patch_1238.npy,15646
scene01,1239,2176,960,data/processed/scene01/images/patch_1239.npy,data/processed/scene01/masks/patch_1239.npy,15374
scene01,1240,2176,1024,data/processed/scene01/images/patch_1240.npy,data/processed/scene01/masks/patch_1240.npy,15101
scene01,1241,2176,1088,data/processed/scene01/images/patch_1241.npy,data/processed/scene01/masks/patch_1241.npy,10861
scene01,1242,2176,1152,data/processed/scene01/images/patch_1242.npy,data/processed/scene01/masks/patch_1242.npy,8134
scene01,1243,2176,1216,data/processed/scene01/images/patch_1243.npy,data/processed/scene01/masks/patch_1243.npy,11504
scene01,1244,2176,1280,data/processed/scene01/images/patch_1244.npy,data/processed/scene01/masks/patch_1244.npy,13202
scene01,1245,2176,1344,data/processed/scene01/images/patch_1245.npy,data/processed/scene01/masks/patch_1245.npy,13457
scene01,1246,2176,1408,data/processed/scene01/images/patch_1246.npy,data/processed/scene01/masks/patch_1246.npy,14250
scene01,1247,2176,1472,data/processed/scene01/images/patch_1247.npy,data/processed/scene01/masks/patch_1247.npy,14883
scene01,1248,2176,1536,data/processed/scene01/images/patch_1248.npy,data/processed/scene01/masks/patch_1248.npy,15118
scene01,1249,2176,1600,data/processed/scene01/images/patch_1249.npy,data/processed/scene01/masks/patch_1249.npy,13866
scene01,1250,2176,1664,data/processed/scene01/images/patch_1250.npy,data/processed/scene01/masks/patch_1250.npy,10890
scene01,1251,2176,1728,data/processed/scene01/images/patch_1251.npy,data/processed/scene01/masks/patch_1251.npy,12012
scene01,1252,2176,1792,data/processed/scene01/images/patch_1252.npy,data/processed/scene01/masks/patch_1252.npy,14795
scene01,1253,2176,1856,data/processed/scene01/images/patch_1253.npy,data/processed/scene01/masks/patch_1253.npy,15092
scene01,1254,2176,1920,data/processed/scene01/images/patch_1254.npy,data/processed/scene01/masks/patch_1254.npy,12371
scene01,1255,2176,1984,data/processed/scene01/images/patch_1255.npy,data/processed/scene01/masks/patch_1255.npy,9128
scene01,1256,2176,2048,data/processed/scene01/images/patch_1256.npy,data/processed/scene01/masks/patch_1256.npy,11387
scene01,1257,2176,2112,data/processed/scene01/images/patch_1257.npy,data/processed/scene01/masks/patch_1257.npy,12369
scene01,1258,2176,2176,data/processed/scene01/images/patch_1258.npy,data/processed/scene01/masks/patch_1258.npy,12064
scene01,1259,2176,2240,data/processed/scene01/images/patch_1259.npy,data/processed/scene01/masks/patch_1259.npy,12397
scene01,1260,2240,0,data/processed/scene01/images/patch_1260.npy,data/processed/scene01/masks/patch_1260.npy,13834
scene01,1261,2240,64,data/processed/scene01/images/patch_1261.npy,data/processed/scene01/masks/patch_1261.npy,15280
scene01,1262,2240,128,data/processed/scene01/images/patch_1262.npy,data/processed/scene01/masks/patch_1262.npy,15464
scene01,1263,2240,192,data/processed/scene01/images/patch_1263.npy,data/processed/scene01/masks/patch_1263.npy,14788
scene01,1264,2240,256,data/processed/scene01/images/patch_1264.npy,data/processed/scene01/masks/patch_1264.npy,13776
scene01,1265,2240,320,data/processed/scene01/images/patch_1265.npy,data/processed/scene01/masks/patch_1265.npy,8842
scene01,1266,2240,384,data/processed/scene01/images/patch_1266.npy,data/processed/scene01/masks/patch_1266.npy,5344
scene01,1267,2240,448,data/processed/scene01/images/patch_1267.npy,data/processed/scene01/masks/patch_1267.npy,7315
scene01,1268,2240,512,data/processed/scene01/images/patch_1268.npy,data/processed/scene01/masks/patch_1268.npy,10260
scene01,1269,2240,576,data/processed/scene01/images/patch_1269.npy,data/processed/scene01/masks/patch_1269.npy,12858
scene01,1270,2240,640,data/processed/scene01/images/patch_1270.npy,data/processed/scene01/masks/patch_1270.npy,14587
scene01,1271,2240,704,data/processed/scene01/images/patch_1271.npy,data/processed/scene01/masks/patch_1271.npy,15113
scene01,1272,2240,768,data/processed/scene01/images/patch_1272.npy,data/processed/scene01/masks/patch_1272.npy,13828
scene01,1273,2240,832,data/processed/scene01/images/patch_1273.npy,data/processed/scene01/masks/patch_1273.npy,13826
scene01,1274,2240,896,data/processed/scene01/images/patch_1274.npy,data/processed/scene01/masks/patch_1274.npy,14576
scene01,1275,2240,960,data/processed/scene01/images/patch_1275.npy,data/processed/scene01/masks/patch_1275.npy,15127
scene01,1276,2240,1024,data/processed/scene01/images/patch_1276.npy,data/processed/scene01/masks/patch_1276.npy,15267
scene01,1277,2240,1088,data/processed/scene01/images/patch_1277.npy,data/processed/scene01/masks/patch_1277.npy,10604
scene01,1278,2240,1152,data/processed/scene01/images/patch_1278.npy,data/processed/scene01/masks/patch_1278.npy,6456
scene01,1279,2240,1216,data/processed/scene01/images/patch_1279.npy,data/processed/scene01/masks/patch_1279.npy,7832
scene01,1280,2240,1280,data/processed/scene01/images/patch_1280.npy,data/processed/scene01/masks/patch_1280.npy,10311
scene01,1281,2240,1344,data/processed/scene01/images/patch_1281.npy,data/processed/scene01/masks/patch_1281.npy,12885
scene01,1282,2240,1408,data/processed/scene01/images/patch_1282.npy,data/processed/scene01/masks/patch_1282.npy,12994
scene01,1283,2240,1472,data/processed/scene01/images/patch_1283.npy,data/processed/scene01/masks/patch_1283.npy,13744
scene01,1284,2240,1536,data/processed/scene01/images/patch_1284.npy,data/processed/scene01/masks/patch_1284.npy,15760
scene01,1285,2240,1600,data/processed/scene01/images/patch_1285.npy,data/processed/scene01/masks/patch_1285.npy,14835
scene01,1286,2240,1664,data/processed/scene01/images/patch_1286.npy,data/processed/scene01/masks/patch_1286.npy,13002
scene01,1287,2240,1728,data/processed/scene01/images/patch_1287.npy,data/processed/scene01/masks/patch_1287.npy,13877
scene01,1288,2240,1792,data/processed/scene01/images/patch_1288.npy,data/processed/scene01/masks/patch_1288.npy,14751
scene01,1289,2240,1856,data/processed/scene01/images/patch_1289.npy,data/processed/scene01/masks/patch_1289.npy,14009
scene01,1290,2240,1920,data/processed/scene01/images/patch_1290.npy,data/processed/scene01/masks/patch_1290.npy,13284
scene01,1291,2240,1984,data/processed/scene01/images/patch_1291.npy,data/processed/scene01/masks/patch_1291.npy,13589
scene01,1292,2240,2048,data/processed/scene01/images/patch_1292.npy,data/processed/scene01/masks/patch_1292.npy,14169
scene01,1293,2240,2112,data/processed/scene01/images/patch_1293.npy,data/processed/scene01/masks/patch_1293.npy,13273
scene01,1294,2240,2176,data/processed/scene01/images/patch_1294.npy,data/processed/scene01/masks/patch_1294.npy,11293
scene01,1295,2240,2240,data/processed/scene01/images/patch_1295.npy,data/processed/scene01/masks/patch_1295.npy,8251
scene01,1296,2304,0,data/processed/scene01/images/patch_1296.npy,data/processed/scene01/masks/patch_1296.npy,13344
scene01,1297,2304,64,data/processed/scene01/images/patch_1297.npy,data/processed/scene01/masks/patch_1297.npy,14202
scene01,1298,2304,128,data/processed/scene01/images/patch_1298.npy,data/processed/scene01/masks/patch_1298.npy,13827
scene01,1299,2304,192,data/processed/scene01/images/patch_1299.npy,data/processed/scene01/masks/patch_1299.npy,14280
scene01,1300,2304,256,data/processed/scene01/images/patch_1300.npy,data/processed/scene01/masks/patch_1300.npy,13056
scene01,1301,2304,320,data/processed/scene01/images/patch_1301.npy,data/processed/scene01/masks/patch_1301.npy,7525
scene01,1302,2304,384,data/processed/scene01/images/patch_1302.npy,data/processed/scene01/masks/patch_1302.npy,7288
scene01,1303,2304,448,data/processed/scene01/images/patch_1303.npy,data/processed/scene01/masks/patch_1303.npy,9699
scene01,1304,2304,512,data/processed/scene01/images/patch_1304.npy,data/processed/scene01/masks/patch_1304.npy,8711
scene01,1305,2304,576,data/processed/scene01/images/patch_1305.npy,data/processed/scene01/masks/patch_1305.npy,10291
scene01,1306,2304,640,data/processed/scene01/images/patch_1306.npy,data/processed/scene01/masks/patch_1306.npy,12382
scene01,1307,2304,704,data/processed/scene01/images/patch_1307.npy,data/processed/scene01/masks/patch_1307.npy,13551
scene01,1308,2304,768,data/processed/scene01/images/patch_1308.npy,data/processed/scene01/masks/patch_1308.npy,14168
scene01,1309,2304,832,data/processed/scene01/images/patch_1309.npy,data/processed/scene01/masks/patch_1309.npy,13894
scene01,1310,2304,896,data/processed/scene01/images/patch_1310.npy,data/processed/scene01/masks/patch_1310.npy,14207
scene01,1311,2304,960,data/processed/scene01/images/patch_1311.npy,data/processed/scene01/masks/patch_1311.npy,14203
scene01,1312,2304,1024,data/processed/scene01/images/patch_1312.npy,data/processed/scene01/masks/patch_1312.npy,12076
scene01,1313,2304,1088,data/processed/scene01/images/patch_1313.npy,data/processed/scene01/masks/patch_1313.npy,11568
scene01,1314,2304,1152,data/processed/scene01/images/patch_1314.npy,data/processed/scene01/masks/patch_1314.npy,12442
scene01,1315,2304,1216,data/processed/scene01/images/patch_1315.npy,data/processed/scene01/masks/patch_1315.npy,9944
scene01,1316,2304,1280,data/processed/scene01/images/patch_1316.npy,data/processed/scene01/masks/patch_1316.npy,10508
scene01,1317,2304,1344,data/processed/scene01/images/patch_1317.npy,data/processed/scene01/masks/patch_1317.npy,13612
scene01,1318,2304,1408,data/processed/scene01/images/patch_1318.npy,data/processed/scene01/masks/patch_1318.npy,13212
scene01,1319,2304,1472,data/processed/scene01/images/patch_1319.npy,data/processed/scene01/masks/patch_1319.npy,14381
scene01,1320,2304,1536,data/processed/scene01/images/patch_1320.npy,data/processed/scene01/masks/patch_1320.npy,16225
scene01,1321,2304,1600,data/processed/scene01/images/patch_1321.npy,data/processed/scene01/masks/patch_1321.npy,15420
scene01,1322,2304,1664,data/processed/scene01/images/patch_1322.npy,data/processed/scene01/masks/patch_1322.npy,12422
scene01,1323,2304,1728,data/processed/scene01/images/patch_1323.npy,data/processed/scene01/masks/patch_1323.npy,12682
scene01,1324,2304,1792,data/processed/scene01/images/patch_1324.npy,data/processed/scene01/masks/patch_1324.npy,15193
scene01,1325,2304,1856,data/processed/scene01/images/patch_1325.npy,data/processed/scene01/masks/patch_1325.npy,14029
scene01,1326,2304,1920,data/processed/scene01/images/patch_1326.npy,data/processed/scene01/masks/patch_1326.npy,13806
scene01,1327,2304,1984,data/processed/scene01/images/patch_1327.npy,data/processed/scene01/masks/patch_1327.npy,14183
scene01,1328,2304,2048,data/processed/scene01/images/patch_1328.npy,data/processed/scene01/masks/patch_1328.npy,14203
scene01,1329,2304,2112,data/processed/scene01/images/patch_1329.npy,data/processed/scene01/masks/patch_1329.npy,13948
scene01,1330,2304,2176,data/processed/scene01/images/patch_1330.npy,data/processed/scene01/masks/patch_1330.npy,11326
scene01,1331,2304,2240,data/processed/scene01/images/patch_1331.npy,data/processed/scene01/masks/patch_1331.npy,5938
scene01,1332,2368,0,data/processed/scene01/images/patch_1332.npy,data/processed/scene01/masks/patch_1332.npy,10273
scene01,1333,2368,64,data/processed/scene01/images/patch_1333.npy,data/processed/scene01/masks/patch_1333.npy,11429
scene01,1334,2368,128,data/processed/scene01/images/patch_1334.npy,data/processed/scene01/masks/patch_1334.npy,10458
scene01,1335,2368,192,data/processed/scene01/images/patch_1335.npy,data/processed/scene01/masks/patch_1335.npy,11594
scene01,1336,2368,256,data/processed/scene01/images/patch_1336.npy,data/processed/scene01/masks/patch_1336.npy,12125
scene01,1337,2368,320,data/processed/scene01/images/patch_1337.npy,data/processed/scene01/masks/patch_1337.npy,7215
scene01,1338,2368,384,data/processed/scene01/images/patch_1338.npy,data/processed/scene01/masks/patch_1338.npy,8458
scene01,1339,2368,448,data/processed/scene01/images/patch_1339.npy,data/processed/scene01/masks/patch_1339.npy,12503
scene01,1340,2368,512,data/processed/scene01/images/patch_1340.npy,data/processed/scene01/masks/patch_1340.npy,11337
scene01,1341,2368,576,data/processed/scene01/images/patch_1341.npy,data/processed/scene01/masks/patch_1341.npy,10339
scene01,1342,2368,640,data/processed/scene01/images/patch_1342.npy,data/processed/scene01/masks/patch_1342.npy,7960
scene01,1343,2368,704,data/processed/scene01/images/patch_1343.npy,data/processed/scene01/masks/patch_1343.npy,7927
scene01,1344,2368,768,data/processed/scene01/images/patch_1344.npy,data/processed/scene01/masks/patch_1344.npy,10927
scene01,1345,2368,832,data/processed/scene01/images/patch_1345.npy,data/processed/scene01/masks/patch_1345.npy,13511
scene01,1346,2368,896,data/processed/scene01/images/patch_1346.npy,data/processed/scene01/masks/patch_1346.npy,14612
scene01,1347,2368,960,data/processed/scene01/images/patch_1347.npy,data/processed/scene01/masks/patch_1347.npy,13920
scene01,1348,2368,1024,data/processed/scene01/images/patch_1348.npy,data/processed/scene01/masks/patch_1348.npy,12035
scene01,1349,2368,1088,data/processed/scene01/images/patch_1349.npy,data/processed/scene01/masks/patch_1349.npy,12859
scene01,1350,2368,1152,data/processed/scene01/images/patch_1350.npy,data/processed/scene01/masks/patch_1350.npy,15048
scene01,1351,2368,1216,data/processed/scene01/images/patch_1351.npy,data/processed/scene01/masks/patch_1351.npy,12964
scene01,1352,2368,1280,data/processed/scene01/images/patch_1352.npy,data/processed/scene01/masks/patch_1352.npy,11788
scene01,1353,2368,1344,data/processed/scene01/images/patch_1353.npy,data/processed/scene01/masks/patch_1353.npy,12681
scene01,1354,2368,1408,data/processed/scene01/images/patch_1354.npy,data/processed/scene01/masks/patch_1354.npy,13707
scene01,1355,2368,1472,data/processed/scene01/images/patch_1355.npy,data/processed/scene01/masks/patch_1355.npy,15477
scene01,1356,2368,1536,data/processed/scene01/images/patch_1356.npy,data/processed/scene01/masks/patch_1356.npy,16154
scene01,1357,2368,1600,data/processed/scene01/images/patch_1357.npy,data/processed/scene01/masks/patch_1357.npy,15564
scene01,1358,2368,1664,data/processed/scene01/images/patch_1358.npy,data/processed/scene01/masks/patch_1358.npy,12702
scene01,1359,2368,1728,data/processed/scene01/images/patch_1359.npy,data/processed/scene01/masks/patch_1359.npy,12722
scene01,1360,2368,1792,data/processed/scene01/images/patch_1360.npy,data/processed/scene01/masks/patch_1360.npy,14989
scene01,1361,2368,1856,data/processed/scene01/images/patch_1361.npy,data/processed/scene01/masks/patch_1361.npy,13617
scene01,1362,2368,1920,data/processed/scene01/images/patch_1362.npy,data/processed/scene01/masks/patch_1362.npy,13164
scene01,1363,2368,1984,data/processed/scene01/images/patch_1363.npy,data/processed/scene01/masks/patch_1363.npy,14235
scene01,1364,2368,2048,data/processed/scene01/images/patch_1364.npy,data/processed/scene01/masks/patch_1364.npy,15098
scene01,1365,2368,2112,data/processed/scene01/images/patch_1365.npy,data/processed/scene01/masks/patch_1365.npy,14333
scene01,1366,2368,2176,data/processed/scene01/images/patch_1366.npy,data/processed/scene01/masks/patch_1366.npy,13800
scene01,1367,2368,2240,data/processed/scene01/images/patch_1367.npy,data/processed/scene01/masks/patch_1367.npy,11271
